sample,raw_x,raw_y,raw_z,g_x,g_y
0,1034,-2490,16467,0.063108,-0.151917
1,989,-2102,16433,0.060349,-0.128273
2,1504,-2417,16375,0.091752,-0.147497
3,1724,-1947,16447,0.105203,-0.118773
4,1383,-1602,16412,0.084385,-0.097773
5,1674,-2017,16327,0.102122,-0.123049
6,2099,-1946,16565,0.128043,-0.118737
7,2179,-2112,16368,0.132925,-0.128839
8,2386,-2324,16470,0.145548,-0.141794
9,2380,-2084,16183,0.145229,-0.127169
10,2831,-2154,16517,0.172707,-0.131410
11,2943,-2202,16535,0.179544,-0.134340
12,2937,-1617,16407,0.179199,-0.098690
13,3243,-1869,16455,0.197882,-0.114019
14,3232,-1842,16456,0.197159,-0.112389
15,3092,-1961,16348,0.188625,-0.119660
16,3405,-1934,16457,0.207724,-0.117995
17,3249,-1728,16335,0.198245,-0.105441
18,3657,-1909,16354,0.223122,-0.116475
19,3559,-1810,16511,0.217127,-0.110444
20,3597,-1945,16498,0.219420,-0.118679
21,3562,-1976,16348,0.217312,-0.120590
22,3953,-2174,16346,0.241186,-0.132650
23,3747,-2283,16355,0.228573,-0.139304
24,3732,-1980,16480,0.227712,-0.120809
25,3775,-1929,16324,0.230333,-0.117684
26,3958,-2177,16447,0.241494,-0.132798
27,3946,-1956,16483,0.240760,-0.119329
28,3968,-1944,16408,0.242068,-0.118592
29,3979,-2345,16508,0.242761,-0.143050
30,4291,-2122,16390,0.261800,-0.129451
31,3831,-1882,16399,0.233738,-0.114838
32,3808,-1882,16331,0.232306,-0.114860
33,3746,-2155,16511,0.228506,-0.131459
34,3992,-1910,16351,0.243556,-0.116511
35,4071,-1742,16452,0.248345,-0.106316
36,3830,-1772,16414,0.233662,-0.108131
37,3680,-1912,16326,0.224524,-0.116641
38,3662,-1958,16367,0.223424,-0.119441
39,3906,-1962,16547,0.238273,-0.119694
40,3898,-1735,16441,0.237826,-0.105871
41,3837,-1752,16332,0.234084,-0.106878
42,3593,-1637,16451,0.219187,-0.099864
43,3728,-1686,16411,0.227411,-0.102851
44,3679,-1517,16735,0.224454,-0.092559
45,3669,-1598,16450,0.223862,-0.097534
46,3759,-1421,16390,0.229311,-0.086699
47,3613,-1348,16553,0.220443,-0.082255
48,3667,-1589,16259,0.223707,-0.096937
49,3528,-1704,16434,0.215239,-0.103982
50,3539,-1030,16605,0.215938,-0.062878
51,3573,-1189,16415,0.217974,-0.072561
52,3168,-1467,16269,0.193282,-0.089542
53,3345,-1206,16390,0.204087,-0.073612
54,3290,-854,16557,0.200731,-0.052135
55,3232,-956,16460,0.197187,-0.058365
56,3270,-908,16350,0.199503,-0.055394
57,3562,-469,16364,0.217291,-0.028644
58,3108,-814,16375,0.189636,-0.049700
59,3411,-671,16458,0.208117,-0.040931
60,2905,-387,16546,0.177246,-0.023657
61,3120,-252,16520,0.190345,-0.015391
62,3181,-128,16466,0.194062,-0.007817
63,3228,53,16305,0.196928,0.003255
64,3220,32,16305,0.196468,0.002008
65,3204,194,16473,0.195486,0.011869
66,2966,169,16303,0.180978,0.010352
67,2913,338,16404,0.177717,0.020652
68,3117,457,16451,0.190154,0.027931
69,2892,588,16321,0.176444,0.035914
70,2659,800,16331,0.162257,0.048845
71,2647,872,16414,0.161469,0.053240
72,2645,891,16468,0.161363,0.054381
73,2858,847,16518,0.174378,0.051718
74,2750,1115,16476,0.167794,0.068039
75,2803,1206,16428,0.171021,0.073603
76,2554,1353,16353,0.155801,0.082584
77,2609,1822,16323,0.159194,0.111201
78,2641,1435,16373,0.161151,0.087552
79,2418,1708,16456,0.147556,0.104248
80,2500,1926,16449,0.152542,0.117545
81,2240,1851,16228,0.136664,0.112952
82,2233,2353,16346,0.136251,0.143560
83,2167,1959,16525,0.132216,0.119538
84,1955,2180,16423,0.119308,0.132994
85,2192,2069,16287,0.133746,0.126250
86,1951,2240,16627,0.119037,0.136652
87,1967,2436,16411,0.120039,0.148610
88,1980,2629,16447,0.120788,0.160405
89,1900,2618,16448,0.115913,0.159699
90,1864,2868,16378,0.113733,0.175001
91,1650,2703,16345,0.100662,0.164938
92,1513,2738,16601,0.092350,0.167031
93,1497,3360,16499,0.091328,0.205000
94,1127,3016,16482,0.068791,0.184037
95,1090,2886,16459,0.066537,0.176102
96,1032,2960,16316,0.062978,0.180569
97,1009,2981,16521,0.061608,0.181901
98,1180,3385,16329,0.072014,0.206514
99,863,3213,16429,0.052694,0.196021
100,877,3362,16255,0.053542,0.205126
101,1099,3386,16218,0.067059,0.206600
102,720,3586,16430,0.043943,0.218797
103,837,3356,16327,0.051107,0.204768
104,457,3368,16220,0.027903,0.205459
105,510,3653,16447,0.031145,0.222842
106,299,3769,16589,0.018248,0.229946
107,333,3767,16522,0.020331,0.229826
108,471,3606,16373,0.028738,0.219967
109,-65,3916,16396,-0.003992,0.238893
110,252,3699,16474,0.015382,0.225690
111,145,3777,16494,0.008899,0.230426
112,-73,3736,16361,-0.004484,0.227922
113,-295,4173,16394,-0.018000,0.254607
114,-87,4083,16417,-0.005358,0.249091
115,-261,4105,16439,-0.015947,0.250440
116,-187,4245,16376,-0.011451,0.258992
117,-288,4549,16377,-0.017578,0.277515
118,-64,3752,16511,-0.003932,0.228885
119,-456,3942,16495,-0.027846,0.240474
120,-656,3975,16428,-0.040071,0.242516
121,-498,3941,16539,-0.030384,0.240411
122,-548,3904,16348,-0.033431,0.238161
123,-399,4044,16528,-0.024358,0.246720
124,-550,3875,16430,-0.033551,0.236382
125,-692,4146,16675,-0.042223,0.252934
126,-548,4082,16272,-0.033458,0.249026
127,-1082,4142,16316,-0.066041,0.252673
128,-1039,4124,16416,-0.063429,0.251594
129,-1148,4114,16413,-0.070041,0.250963
130,-1108,3905,16552,-0.067636,0.238228
131,-1345,4317,16315,-0.082046,0.263349
132,-1041,3933,16456,-0.063537,0.239942
133,-1256,3506,16479,-0.076670,0.213881
134,-1544,3606,16437,-0.094197,0.219999
135,-1526,3412,16286,-0.093086,0.208182
136,-1352,3663,16499,-0.082477,0.223459
137,-1325,3565,16482,-0.080842,0.217506
138,-1186,3424,16424,-0.072368,0.208903
139,-1093,3787,16388,-0.066693,0.231016
140,-1618,3432,16389,-0.098751,0.209404
141,-1949,3368,16361,-0.118916,0.205453
142,-2235,2966,16426,-0.136369,0.180957
143,-1885,2845,16370,-0.115023,0.173577
144,-2166,2917,16290,-0.132132,0.177983
145,-2182,2821,16271,-0.133151,0.172138
146,-2309,2329,16298,-0.140879,0.142129
147,-2318,2500,16385,-0.141426,0.152542
148,-2197,2398,16362,-0.134049,0.146334
149,-2460,2215,16384,-0.150105,0.135155
150,-2619,1960,16409,-0.159788,0.119618
151,-2881,1858,16307,-0.175791,0.113393
152,-3103,1768,16495,-0.189310,0.107880
153,-2997,1656,16338,-0.182850,0.101074
154,-3029,1586,16323,-0.184813,0.096752
155,-2812,1505,16405,-0.171588,0.091806
156,-3221,1087,16196,-0.196493,0.066312
157,-3181,885,16290,-0.194064,0.054005
158,-3563,871,16450,-0.217352,0.053173
159,-3801,726,16204,-0.231896,0.044303
160,-3876,359,16461,-0.236473,0.021947
161,-3947,401,16497,-0.240799,0.024499
162,-3546,256,16327,-0.216317,0.015631
163,-4190,132,16387,-0.255592,0.008111
164,-4000,41,16461,-0.244052,0.002536
165,-4422,-613,16318,-0.269790,-0.037430
166,-4197,-631,16438,-0.256027,-0.038540
167,-4397,-807,16300,-0.268264,-0.049252
168,-4593,-999,16317,-0.280222,-0.060999
169,-4667,-1269,16288,-0.284697,-0.077441
170,-4867,-1587,16391,-0.296920,-0.096826
171,-4753,-1466,16465,-0.289970,-0.089431
172,-4995,-1780,16344,-0.304702,-0.108623
173,-5207,-1781,16246,-0.317634,-0.108674
174,-5283,-2090,16263,-0.322270,-0.127508
175,-5081,-2290,16397,-0.309956,-0.139706
176,-4879,-2188,16528,-0.297680,-0.133529
177,-5180,-2337,16397,-0.316015,-0.142583
178,-5267,-2387,16327,-0.321313,-0.145629
179,-5222,-2218,16431,-0.318583,-0.135319
180,-5058,-2676,16341,-0.308546,-0.163264
181,-5264,-2745,16329,-0.321131,-0.167504
182,-5379,-3127,16277,-0.328129,-0.190782
183,-5097,-3257,16491,-0.310921,-0.198726
184,-5200,-2825,16135,-0.317260,-0.172344
185,-4973,-3354,16436,-0.303365,-0.204636
186,-5178,-3446,16323,-0.315911,-0.210218
187,-5384,-3327,16329,-0.328446,-0.202953
188,-5351,-3390,16519,-0.326456,-0.206835
189,-4738,-3583,16302,-0.289054,-0.218622
190,-4646,-3515,16306,-0.283440,-0.214438
191,-4900,-3270,16356,-0.298946,-0.199491
192,-4838,-3661,16406,-0.295148,-0.223360
193,-4397,-3784,16329,-0.268219,-0.230864
194,-4741,-3373,16228,-0.289245,-0.205774
195,-4575,-3457,16292,-0.279107,-0.210920
196,-4161,-3654,16486,-0.253827,-0.222951
197,-4202,-3818,16378,-0.256344,-0.232933
198,-3977,-3651,16413,-0.242640,-0.222755
199,-3843,-3505,16350,-0.234464,-0.213852
200,-3583,-3258,16314,-0.218565,-0.198784
201,-3212,-3623,16526,-0.195962,-0.221056
202,-3265,-3415,16358,-0.199198,-0.208345
203,-2974,-3237,16336,-0.181474,-0.197488
204,-3264,-3743,16476,-0.199116,-0.228368
205,-2701,-3079,16313,-0.164785,-0.187847
206,-2638,-3427,16325,-0.160921,-0.209081
207,-2495,-3100,16380,-0.152195,-0.189112
208,-2219,-3059,16380,-0.135372,-0.186601
209,-1903,-2849,16405,-0.116131,-0.173820
210,-1458,-2885,16571,-0.088979,-0.176036
211,-1641,-3352,16413,-0.100136,-0.204528
212,-1174,-3004,16169,-0.071629,-0.183252
213,-1043,-2775,16414,-0.063680,-0.169323
214,-792,-2774,16389,-0.048350,-0.169218
215,-330,-2591,16390,-0.020147,-0.158079
216,-192,-2474,16410,-0.011767,-0.150958
217,170,-2447,16386,0.010405,-0.149325
218,118,-2538,16384,0.007227,-0.154842
219,234,-2776,16445,0.014326,-0.169366
220,530,-2471,16342,0.032362,-0.150762
221,821,-2262,16307,0.050093,-0.138003
222,1011,-2484,16666,0.061699,-0.151560
223,981,-2127,16329,0.059860,-0.129765
224,1385,-2033,16404,0.084492,-0.124033
225,1596,-2133,16261,0.097367,-0.130126
226,2189,-2670,16407,0.133538,-0.162906
227,2247,-2313,16313,0.137091,-0.141139
228,1922,-1711,16359,0.117251,-0.104403
229,2184,-2121,16494,0.133243,-0.129430
230,2125,-2355,16443,0.129635,-0.143707
231,2428,-1753,16452,0.148115,-0.106952
232,2729,-1954,16242,0.166506,-0.119241
233,3020,-1742,16569,0.184253,-0.106268
234,2794,-1878,16296,0.170452,-0.114590
235,2922,-1835,16543,0.178286,-0.111976
236,2760,-1845,16498,0.168396,-0.112572
237,3217,-1780,16459,0.196288,-0.108588
238,3147,-1492,16330,0.191981,-0.091042
239,3327,-1727,16422,0.202969,-0.105370
240,3341,-2188,16366,0.203814,-0.133503
241,3551,-1825,16412,0.216639,-0.111368
242,3313,-1704,16388,0.202118,-0.103967
243,3420,-1698,16227,0.208665,-0.103597
244,4117,-1997,16513,0.251159,-0.121867
245,3542,-1716,16405,0.216111,-0.104735
246,3612,-1766,16370,0.220358,-0.107727
247,4170,-1475,16364,0.254412,-0.090008
248,4386,-2080,16447,0.267595,-0.126901
249,3669,-2041,16335,0.223853,-0.124531
250,3827,-2009,16213,0.233477,-0.122551
251,3963,-2044,16454,0.241779,-0.124727
252,4217,-2117,16464,0.257258,-0.129175
253,3727,-2454,16400,0.227353,-0.149708
254,3856,-2031,16315,0.235242,-0.123900
255,4032,-1880,16427,0.246008,-0.114705
256,3960,-2027,16288,0.241562,-0.123680
257,3799,-1578,16328,0.231788,-0.096273
258,3826,-1910,16353,0.233443,-0.116532
259,3584,-1662,16497,0.218641,-0.101392
260,3768,-1826,16389,0.229874,-0.111418
261,3740,-1699,16382,0.228186,-0.103681
262,3806,-1769,16599,0.232204,-0.107945
263,3639,-1540,16455,0.222001,-0.093968
264,3798,-1740,16454,0.231695,-0.106172
265,3868,-1620,16390,0.235997,-0.098845
266,3686,-1598,16370,0.224880,-0.097535
267,3693,-1667,16227,0.225326,-0.101746
268,3611,-1489,16512,0.220310,-0.090876
269,3573,-1102,16465,0.217984,-0.067256
270,3414,-1492,16409,0.208301,-0.091061
271,3573,-1302,16413,0.217977,-0.079479
272,3470,-1082,16492,0.211688,-0.066021
273,3836,-1030,16285,0.234054,-0.062841
274,3715,-1156,16372,0.226618,-0.070554
275,3472,-1507,16323,0.211847,-0.091977
276,3237,-900,16585,0.197511,-0.054941
277,3147,-1306,16505,0.191978,-0.079703
278,3534,-550,16227,0.215632,-0.033592
279,3339,-691,16289,0.203737,-0.042190
280,3351,-445,16414,0.204442,-0.027183
281,2922,-689,16383,0.178276,-0.042075
282,3376,-705,16306,0.205960,-0.043060
283,3262,-275,16601,0.199027,-0.016818
284,2951,-223,16453,0.180057,-0.013646
285,3037,-199,16468,0.185293,-0.012175
286,3140,12,16362,0.191546,0.000755
287,3071,605,16490,0.187336,0.036928
288,2977,366,16390,0.181600,0.022383
289,2978,516,16398,0.181664,0.031507
290,2917,590,16479,0.177945,0.036032
291,2954,816,16276,0.180226,0.049822
292,3155,627,16567,0.192476,0.038256
293,2388,402,16439,0.145702,0.024531
294,2768,849,16538,0.168871,0.051820
295,2800,1140,16325,0.170851,0.069548
296,2778,928,16338,0.169483,0.056627
297,2612,1179,16316,0.159335,0.071971
298,2314,1194,16443,0.141177,0.072850
299,2640,1695,16426,0.161058,0.103452
300,2840,1664,16377,0.173270,0.101557
301,2198,1750,16327,0.134087,0.106770
302,2574,1846,16304,0.157020,0.112630
303,2300,1827,16413,0.140332,0.111464
304,2288,1967,16375,0.139570,0.120017
305,2046,1814,16354,0.124834,0.110660
306,2111,1727,16555,0.128784,0.105378
307,2339,2240,16408,0.142690,0.136688
308,2141,2362,16529,0.130610,0.144082
309,2277,2609,16365,0.138957,0.159174
310,2105,2760,16435,0.128451,0.168380
311,1898,2843,16407,0.115831,0.173459
312,2058,2461,16258,0.125597,0.150173
313,1747,2657,16539,0.106574,0.162108
314,1739,2884,16398,0.106114,0.175968
315,1458,3329,16476,0.088943,0.203107
316,1443,3212,16340,0.088083,0.195981
317,1225,3218,16392,0.074784,0.196330
318,1449,3015,16328,0.088413,0.183940
319,977,2992,16517,0.059616,0.182556
320,1249,3358,16433,0.076222,0.204889
321,992,3080,16437,0.060557,0.187922
322,1157,3296,16525,0.070585,0.201102
323,1000,3377,16506,0.061027,0.206036
324,1112,3742,16470,0.067889,0.228273
325,836,3445,16272,0.051033,0.210180
326,342,3122,16337,0.020880,0.190458
327,535,3703,16308,0.032668,0.225924
328,259,3535,16463,0.015806,0.215646
329,300,3715,16412,0.018359,0.226637
330,592,3736,16270,0.036118,0.227917
331,361,3744,16378,0.022021,0.228430
332,47,3976,16259,0.002915,0.242566
333,-79,3595,16388,-0.004867,0.219301
334,39,3813,16243,0.002412,0.232618
335,-253,4062,16439,-0.015476,0.247819
336,-221,3858,16424,-0.013534,0.235369
337,-109,3706,16561,-0.006691,0.226089
338,-21,4141,16465,-0.001302,0.252626
339,-182,4244,16349,-0.011122,0.258930
340,-766,4052,16460,-0.046755,0.247192
341,-358,3721,16260,-0.021865,0.227027
342,-459,4214,16298,-0.028020,0.257060
343,-455,3795,16414,-0.027803,0.231512
344,-296,4154,16188,-0.018073,0.253411
345,-1016,3938,16379,-0.062004,0.240254
346,-807,3885,16289,-0.049240,0.237006
347,-649,4006,16389,-0.039649,0.244388
348,-1097,4040,16282,-0.066951,0.246441
349,-602,3939,16417,-0.036729,0.240295
350,-858,4139,16380,-0.052340,0.252484
351,-828,3924,16503,-0.050536,0.239423
352,-1141,4149,16377,-0.069629,0.253118
353,-950,3985,16306,-0.057951,0.243109
354,-963,3765,16352,-0.058771,0.229690
355,-1174,3685,16253,-0.071664,0.224843
356,-1236,3490,16410,-0.075440,0.212903
357,-1294,3779,16426,-0.078941,0.230525
358,-1564,3596,16594,-0.095423,0.219368
359,-1503,3159,16315,-0.091684,0.192752
360,-1573,3412,16346,-0.096010,0.208163
361,-1549,3262,16318,-0.094528,0.198984
362,-1513,3617,16388,-0.092312,0.220698
363,-1961,2930,16403,-0.119675,0.178735
364,-1873,2874,16363,-0.114291,0.175344
365,-1666,3225,16465,-0.101672,0.196777
366,-2153,3155,16311,-0.131369,0.192502
367,-2256,2656,16455,-0.137627,0.162040
368,-2162,2550,16414,-0.131920,0.155595
369,-2140,2644,16364,-0.130589,0.161304
370,-2387,1976,16336,-0.145649,0.120581
371,-2249,1918,16583,-0.137214,0.117048
372,-2436,2057,16290,-0.148619,0.125477
373,-2543,2235,16390,-0.155139,0.136377
374,-2701,1721,16295,-0.164793,0.105032
375,-2490,1658,16524,-0.151897,0.101186
376,-3057,1681,16442,-0.186478,0.102571
377,-3493,1690,16301,-0.213074,0.103092
378,-2955,1036,16408,-0.180279,0.063204
379,-3441,964,16385,-0.209909,0.058837
380,-3453,1121,16315,-0.210673,0.068401
381,-3351,341,16429,-0.204456,0.020839
382,-3991,623,16396,-0.243481,0.038027
383,-4042,75,16380,-0.246589,0.004604
384,-4218,98,16357,-0.257344,0.005983
385,-4185,-143,16399,-0.255293,-0.008766
386,-4072,-451,16381,-0.248440,-0.027563
387,-4165,-634,16366,-0.254091,-0.038714
388,-4315,-584,16302,-0.263236,-0.035652
389,-4721,-629,16513,-0.288039,-0.038425
390,-4982,-1005,16265,-0.303911,-0.061348
391,-4650,-1139,16399,-0.283651,-0.069528
392,-4834,-1216,16331,-0.294907,-0.074202
393,-4751,-1658,16519,-0.289823,-0.101139
394,-4786,-1508,16279,-0.291976,-0.092034
395,-4961,-1649,16294,-0.302631,-0.100607
396,-4915,-1477,16273,-0.299852,-0.090134
397,-5071,-2159,16390,-0.309333,-0.131747
398,-5069,-2313,16238,-0.309219,-0.141145
399,-5336,-2225,16318,-0.325527,-0.135784
400,-5278,-2344,16168,-0.321984,-0.142991
401,-5238,-2709,16384,-0.319562,-0.165249
402,-5145,-2799,16317,-0.313886,-0.170749
403,-5375,-2735,16229,-0.327876,-0.166888
404,-5211,-3082,16461,-0.317876,-0.188032
405,-5344,-3099,16246,-0.326014,-0.189085
406,-5299,-3094,16436,-0.323269,-0.188769
407,-5100,-3008,16301,-0.311133,-0.183523
408,-5571,-3366,16509,-0.339850,-0.205386
409,-5397,-3652,16433,-0.329238,-0.222790
410,-5372,-3720,16275,-0.327711,-0.226925
411,-5457,-3648,16284,-0.332883,-0.222548
412,-5079,-3697,16422,-0.309862,-0.225528
413,-4733,-3519,16344,-0.288728,-0.214715
414,-4820,-3730,16353,-0.294067,-0.227572
415,-4624,-3660,16484,-0.282119,-0.223264
416,-4345,-3682,16302,-0.265086,-0.224658
417,-4174,-3625,16378,-0.254660,-0.221181
418,-4289,-3304,16457,-0.261665,-0.201578
419,-3887,-3413,16445,-0.237114,-0.208248
420,-3960,-3514,16358,-0.241570,-0.214387
421,-3965,-3579,16347,-0.241878,-0.218321
422,-3751,-3547,16217,-0.228817,-0.216372
423,-3733,-3377,16279,-0.227730,-0.206049
424,-3442,-3294,16404,-0.209964,-0.200990
425,-3155,-3522,16364,-0.192495,-0.214898
426,-2749,-3307,16384,-0.167725,-0.201773
427,-2382,-3632,16471,-0.145321,-0.221567
428,-2735,-3176,16272,-0.166850,-0.193745
429,-2204,-3022,16358,-0.134467,-0.184380
430,-2248,-3154,16397,-0.137159,-0.192395
431,-1757,-2717,16318,-0.107234,-0.165768
432,-1647,-3144,16511,-0.100496,-0.191790
433,-1732,-2885,16465,-0.105685,-0.175986
434,-1012,-2869,16410,-0.061755,-0.175013
435,-1065,-2818,16546,-0.065009,-0.171946
436,-829,-2759,16250,-0.050618,-0.168331
437,-704,-2658,16386,-0.042945,-0.162154
438,-407,-2464,16420,-0.024884,-0.150313
439,6,-2309,16306,0.000400,-0.140863
440,112,-2500,16416,0.006845,-0.152509
441,419,-2296,16290,0.025596,-0.140088
442,636,-2515,16453,0.038806,-0.153471
443,1015,-2199,16487,0.061953,-0.134157
444,917,-2425,16417,0.055986,-0.147947
445,910,-2044,16227,0.055543,-0.124712
446,1561,-1798,16308,0.095236,-0.109708
447,1495,-2178,16447,0.091210,-0.132864
448,1936,-2513,16399,0.118107,-0.153323
449,1978,-2182,16155,0.120663,-0.133109
450,2052,-1829,16511,0.125194,-0.111600
451,2299,-1923,16412,0.140240,-0.117334
452,2740,-1953,16326,0.167194,-0.119144
453,2909,-1794,16491,0.177460,-0.109444
454,2685,-1869,16341,0.163797,-0.114059
455,2831,-1721,16341,0.172751,-0.105028
456,3119,-1762,16436,0.190311,-0.107523
457,2888,-1643,16565,0.176180,-0.100282
458,3207,-1846,16552,0.195680,-0.112619
459,3242,-1742,16439,0.197793,-0.106303
460,3395,-1958,16449,0.207121,-0.119472
461,3272,-2010,16479,0.199626,-0.122667
462,3212,-1595,16296,0.195974,-0.097344
463,3194,-1867,16468,0.194873,-0.113903
464,3428,-1765,16344,0.209162,-0.107669
465,3602,-1892,16440,0.219757,-0.115465
466,3680,-2026,16392,0.224512,-0.123626
467,4124,-1925,16458,0.251582,-0.117428
468,4009,-1674,16424,0.244589,-0.102136
469,3665,-1839,16137,0.223623,-0.112198
470,3925,-2253,16431,0.239464,-0.137477
471,3807,-1988,16474,0.232262,-0.121317
472,3842,-1632,16456,0.234400,-0.099578
473,3935,-1994,16408,0.240061,-0.121686
474,4017,-2281,16566,0.245053,-0.139190
475,3843,-1614,16446,0.234477,-0.098495
476,4092,-1829,16458,0.249643,-0.111612
477,3686,-1959,16513,0.224896,-0.119538
478,3882,-2005,16453,0.236850,-0.122340
479,4336,-1732,16339,0.264501,-0.105656
480,3891,-2010,16201,0.237369,-0.122641
481,4090,-1687,16378,0.249531,-0.102962
482,3827,-1775,16490,0.233500,-0.108330
483,3893,-1804,16390,0.237505,-0.110080
484,3754,-1793,16495,0.229026,-0.109416
485,3708,-1818,16436,0.226235,-0.110949
486,3572,-1562,16540,0.217933,-0.095285
487,3763,-1865,16397,0.229591,-0.113821
488,3504,-1957,16466,0.213803,-0.119406
489,3750,-1505,16470,0.228778,-0.091816
490,3797,-1448,16560,0.231663,-0.088387
491,3639,-1418,16271,0.222015,-0.086551
492,3493,-1370,16384,0.213090,-0.083602
493,3598,-1436,16502,0.219489,-0.087619
494,3432,-1167,16565,0.209363,-0.071194
495,3628,-1244,16447,0.221320,-0.075885
496,3101,-1246,16399,0.189165,-0.076041
497,3342,-1134,16494,0.203911,-0.069191
498,3016,-629,16504,0.184006,-0.038398
499,3078,-1219,16393,0.187769,-0.074373
500,3566,-725,16456,0.217532,-0.044263
501,3453,-1024,16532,0.210694,-0.062524
502,3135,-645,16596,0.191246,-0.039370
503,2966,-605,16493,0.180939,-0.036921
504,2674,-801,16429,0.163148,-0.048918
505,3082,-252,16420,0.188050,-0.015406
506,3588,-286,16475,0.218896,-0.017457
507,3201,-489,16415,0.195263,-0.029860
508,2991,148,16442,0.182489,0.009059
509,3145,365,16329,0.191875,0.022271
510,2748,485,16541,0.167644,0.029595
511,2943,391,16321,0.179532,0.023911
512,2980,446,16385,0.181811,0.027255
513,2911,789,16432,0.177601,0.048157
514,3032,964,16603,0.184989,0.058853
515,2913,977,16385,0.177726,0.059603
516,2931,713,16362,0.178828,0.043538
517,2644,1030,16372,0.161337,0.062833
518,2886,1182,16571,0.176103,0.072129
519,2972,885,16167,0.181344,0.054005
520,2456,1403,16330,0.149829,0.085622
521,2421,1834,16666,0.147685,0.111932
522,2769,1645,16473,0.168963,0.100353
523,2440,1898,16319,0.148854,0.115811
524,2671,1767,16414,0.162960,0.107804
525,2279,1820,16424,0.139078,0.111069
526,2561,2000,16493,0.156250,0.122038
527,2260,1880,16582,0.137862,0.114723
528,2218,1947,16451,0.135303,0.118827
529,2386,2442,16366,0.145601,0.148966
530,1970,2551,16485,0.120221,0.155614
531,1795,2212,16351,0.109550,0.134970
532,1812,2651,16320,0.110565,0.161743
533,1901,2544,16253,0.115977,0.155232
534,1462,2703,16270,0.089190,0.164889
535,1782,2804,16330,0.108758,0.171045
536,1493,2977,16304,0.091080,0.181622
537,1718,2887,16437,0.104831,0.176166
538,1000,3200,16300,0.061014,0.195212
539,1209,3072,16124,0.073803,0.187420
540,966,3197,16312,0.058976,0.195072
541,1040,3001,16363,0.063489,0.183105
542,1153,3605,16350,0.070341,0.219957
543,994,3363,16541,0.060683,0.205197
544,900,3468,16348,0.054914,0.211568
545,836,3108,16482,0.051017,0.189609
546,821,3306,16399,0.050099,0.201701
547,522,3732,16396,0.031900,0.227698
548,753,3613,16324,0.045948,0.220446
549,667,3267,16393,0.040694,0.199324
550,539,3848,16329,0.032934,0.234756
551,494,3609,16412,0.030182,0.220186
552,373,4006,16374,0.022755,0.244395
553,613,3778,16310,0.037394,0.230474
554,158,3870,16483,0.009646,0.236124
555,47,4084,16431,0.002906,0.249131
556,-102,3744,16352,-0.006237,0.228433
557,-220,3760,16404,-0.013448,0.229373
558,-325,3933,16383,-0.019840,0.239962
559,-326,4145,16311,-0.019900,0.252884
560,-242,3780,16395,-0.014788,0.230633
561,-231,3741,16331,-0.014141,0.228227
562,-344,4208,16301,-0.020989,0.256748
563,-551,3966,16239,-0.033634,0.241963
564,-310,4016,16352,-0.018910,0.244980
565,-397,3759,16435,-0.024222,0.229345
566,-616,3976,16320,-0.037607,0.242546
567,-762,4097,16609,-0.046491,0.249933
568,-601,4262,16461,-0.036705,0.259999
569,-722,3946,16498,-0.044081,0.240765
570,-1073,4371,16451,-0.065483,0.266689
571,-880,3931,16546,-0.053712,0.239851
572,-877,3909,16307,-0.053509,0.238495
573,-1143,4282,16146,-0.069745,0.261241
574,-1004,4010,16336,-0.061260,0.244662
575,-1359,3835,16426,-0.082906,0.233944
576,-915,3863,16388,-0.055826,0.235657
577,-991,4086,16399,-0.060498,0.249253
578,-1324,4051,16492,-0.080796,0.247154
579,-1277,3579,16407,-0.077917,0.218343
580,-1843,3652,16444,-0.112435,0.222802
581,-1684,3603,16286,-0.102782,0.219838
582,-1599,3331,16271,-0.097563,0.203207
583,-1812,3414,16515,-0.110539,0.208283
584,-1564,3334,16378,-0.095451,0.203424
585,-1410,3442,16312,-0.086061,0.210008
586,-2063,3352,16312,-0.125859,0.204480
587,-2084,2966,16309,-0.127180,0.180946
588,-1977,2872,16303,-0.120600,0.175224
589,-1817,2910,16250,-0.110860,0.177542
590,-2419,2559,16230,-0.147592,0.156111
591,-2248,2639,16347,-0.137138,0.161001
592,-2061,2380,16311,-0.125741,0.145212
593,-2786,2079,16464,-0.170002,0.126858
594,-2821,1935,16390,-0.172135,0.118040
595,-2771,2217,16387,-0.169059,0.135246
596,-2895,1772,16296,-0.176615,0.108104
597,-2763,1936,16352,-0.168562,0.118120
598,-2976,1384,16395,-0.181563,0.084449
599,-3451,1362,16426,-0.210560,0.083120
600,-3151,1571,16353,-0.192256,0.095869
601,-3462,776,16459,-0.211227,0.047391
602,-3243,450,16362,-0.197841,0.027483
603,-3701,848,16432,-0.225765,0.051736
604,-3817,288,16317,-0.232859,0.017629
605,-3719,255,16197,-0.226869,0.015577
606,-3792,-26,16385,-0.231338,-0.001590
607,-3961,-51,16426,-0.241628,-0.003147
608,-4456,-450,16412,-0.271817,-0.027481
609,-4162,-489,16398,-0.253939,-0.029879
610,-4551,-553,16329,-0.277652,-0.033745
611,-4424,-991,16287,-0.269910,-0.060467
612,-4822,-1108,16410,-0.294160,-0.067621
613,-4579,-1215,16399,-0.279339,-0.074121
614,-4894,-1577,16310,-0.298590,-0.096202
615,-5065,-1559,16460,-0.308986,-0.095099
616,-4784,-1620,16281,-0.291845,-0.098864
617,-4942,-1869,16308,-0.301494,-0.114015
618,-5163,-1996,16508,-0.314967,-0.121759
619,-4850,-2095,16439,-0.295891,-0.127829
620,-5244,-2349,16329,-0.319897,-0.143319
621,-5203,-2240,16388,-0.317422,-0.136641
622,-5197,-2232,16376,-0.317050,-0.136205
623,-5385,-2696,16115,-0.328543,-0.164472
624,-5208,-2638,16281,-0.317729,-0.160977
625,-5400,-2876,16358,-0.329412,-0.175476
626,-5379,-2867,16331,-0.328137,-0.174908
627,-5050,-2743,16386,-0.308101,-0.167346
628,-5465,-3019,16466,-0.333423,-0.184160
629,-5685,-3507,16336,-0.346799,-0.213986
630,-4921,-3176,16270,-0.300206,-0.193741
631,-4703,-3097,16395,-0.286935,-0.188962
632,-5178,-3414,16337,-0.315864,-0.208280
633,-5385,-3241,16353,-0.328519,-0.197743
634,-5013,-3584,16341,-0.305816,-0.218675
635,-4920,-3759,16570,-0.300120,-0.229355
636,-4803,-3490,16166,-0.293022,-0.212941
637,-4861,-3850,16334,-0.296542,-0.234855
638,-4437,-3586,16369,-0.270692,-0.218780
639,-4319,-3314,16300,-0.263495,-0.202180
640,-4546,-3887,16452,-0.277343,-0.237133
641,-4005,-3763,16445,-0.244312,-0.229604
642,-3606,-3703,16368,-0.220004,-0.225917
643,-3783,-3507,16349,-0.230775,-0.213947
644,-3704,-3534,16364,-0.225989,-0.215629
645,-3491,-3184,16365,-0.213007,-0.194263
646,-3170,-3228,16368,-0.193426,-0.196918
647,-3403,-3269,16359,-0.207594,-0.199466
648,-2864,-3288,16400,-0.174756,-0.200572
649,-2763,-3194,16446,-0.168544,-0.194893
650,-2152,-3369,16268,-0.131319,-0.205556
651,-2306,-3005,16285,-0.140704,-0.183335
652,-1760,-3304,16223,-0.107366,-0.201547
653,-2042,-2894,16459,-0.124597,-0.176561
654,-1517,-2771,16405,-0.092595,-0.169049
655,-1344,-2886,16428,-0.082032,-0.176058
656,-1336,-2894,16255,-0.081526,-0.176557
657,-924,-2728,16546,-0.056402,-0.166440
658,-514,-3254,16331,-0.031408,-0.198550
659,-569,-2623,16402,-0.034739,-0.160008
660,-595,-2637,16464,-0.036298,-0.160887
661,-73,-2566,16299,-0.004500,-0.156575
662,-16,-2372,16340,-0.001000,-0.144713
663,298,-2457,16406,0.018215,-0.149879
664,556,-2594,16649,0.033927,-0.158294
665,469,-2362,16419,0.028664,-0.144138
666,688,-2275,16538,0.041984,-0.138822
667,1263,-2220,16503,0.077091,-0.135445
668,1274,-2167,16428,0.077747,-0.132244
669,1092,-1968,16307,0.066644,-0.120088
670,1876,-2313,16492,0.114480,-0.141151
671,1958,-2051,16262,0.119442,-0.125148
672,1947,-1819,16543,0.118784,-0.110962
673,1998,-2336,16417,0.121919,-0.142499
674,2539,-1965,16161,0.154927,-0.119905
675,2597,-2081,16371,0.158456,-0.126979
676,3102,-2024,16461,0.189242,-0.123466
677,2878,-2104,16382,0.175611,-0.128376
678,2995,-1959,16468,0.182737,-0.119501
679,3010,-1586,16328,0.183646,-0.096766
680,3295,-2138,16288,0.201001,-0.130474
681,3359,-2116,16400,0.204953,-0.129126
682,3564,-2137,16410,0.217437,-0.130415
683,3328,-1590,16377,0.203058,-0.097050
684,3420,-1986,16520,0.208670,-0.121205
685,3482,-1910,16333,0.212406,-0.116564
686,3772,-1982,16439,0.230152,-0.120954
687,3955,-2085,16417,0.241285,-0.127215
688,3650,-1963,16272,0.222690,-0.119761
689,3698,-1483,16294,0.225600,-0.090508
690,3866,-1682,16415,0.235878,-0.102619
691,3795,-2093,16593,0.231503,-0.127688
692,4034,-1828,16467,0.246111,-0.111528
693,3474,-2099,16260,0.211970,-0.128096
694,3744,-2274,16136,0.228434,-0.138723
695,3760,-1772,16483,0.229415,-0.108120
696,3487,-1747,16409,0.212718,-0.106624
697,3731,-1767,16521,0.227608,-0.107812
698,3735,-2037,16339,0.227874,-0.124286
699,3856,-1977,16451,0.235245,-0.120603
700,4082,-1803,16496,0.249022,-0.110007
701,3823,-1856,16380,0.233230,-0.113256
702,3665,-1983,16382,0.223576,-0.121009
703,3821,-2186,16424,0.233139,-0.133403
704,4000,-1853,16471,0.244034,-0.113041
705,3612,-1654,16421,0.220381,-0.100902
706,3600,-2035,16510,0.219634,-0.124190
707,3840,-1672,16381,0.234254,-0.101998
708,3673,-1690,16304,0.224071,-0.103140
709,3802,-1574,16602,0.231980,-0.096050
710,3656,-1507,16369,0.223020,-0.091973
711,3756,-1741,16373,0.229175,-0.106214
712,3415,-1854,16419,0.208339,-0.113117
713,3571,-1601,16431,0.217850,-0.097703
714,3506,-1283,16390,0.213921,-0.078306
715,3297,-1476,16424,0.201121,-0.090055
716,3205,-1434,16422,0.195560,-0.087491
717,3583,-1564,16441,0.218573,-0.095419
718,3368,-842,16213,0.205450,-0.051403
719,3218,-929,16595,0.196358,-0.056677
720,3358,-855,16412,0.204847,-0.052156
721,3551,-731,16478,0.216623,-0.044644
722,2908,-711,16301,0.177442,-0.043417
723,3022,-766,16383,0.184384,-0.046742
724,3098,-655,16365,0.189009,-0.039981
725,3500,-604,16558,0.213539,-0.036855
726,3260,49,16373,0.198866,0.003000
727,3319,-222,16494,0.202469,-0.013571
728,2946,-301,16367,0.179730,-0.018378
729,2920,-27,16384,0.178165,-0.001648
730,3173,-185,16403,0.193571,-0.011296
731,3072,377,16540,0.187400,0.023036
732,3128,97,16254,0.190850,0.005932
733,2962,417,16305,0.180738,0.025474
734,3012,630,16248,0.183776,0.038474
735,2955,619,16325,0.180287,0.037780
736,3030,678,16350,0.184845,0.041386
737,2996,774,16277,0.182812,0.047252
738,2518,873,16356,0.153658,0.053274
739,2363,889,16240,0.144189,0.054275
740,2905,1022,16330,0.177246,0.062350
741,2893,1478,16529,0.176491,0.090187
742,2447,1299,16457,0.149274,0.079265
743,2245,1283,16437,0.136991,0.078286
744,2546,1436,16329,0.155359,0.087634
745,2642,1831,16280,0.161198,0.111707
746,2742,1856,16315,0.167291,0.113224
747,2452,1935,16414,0.149625,0.118038
748,2232,1885,16495,0.136155,0.115011
749,2075,2131,16498,0.126591,0.130004
750,2173,2005,16472,0.132589,0.122350
751,2050,2166,16348,0.125097,0.132181
752,1853,2478,16416,0.113035,0.151186
753,2335,2548,16385,0.142438,0.155489
754,2215,2299,16395,0.135136,0.140294
755,2024,2406,16596,0.123497,0.146778
756,1578,2661,16252,0.096284,0.162347
757,1822,3032,16389,0.111151,0.184970
758,1705,2452,16519,0.104042,0.149613
759,1591,2923,16277,0.097073,0.178318
760,1657,2697,16350,0.101098,0.164564
761,1466,2902,16360,0.089444,0.177039
762,1404,3019,16386,0.085668,0.184197
763,1304,3076,16262,0.079584,0.187645
764,1169,3120,16458,0.071365,0.190340
765,705,3280,16464,0.043035,0.200109
766,961,3243,16449,0.058621,0.197837
767,764,3134,16324,0.046650,0.191212
768,553,3595,16409,0.033784,0.219330
769,1008,3645,16319,0.061494,0.222363
770,937,3714,16369,0.057191,0.226565
771,792,3334,16593,0.048356,0.203427
772,516,3715,16406,0.031506,0.226623
773,637,3829,16290,0.038917,0.233604
774,321,3566,16412,0.019627,0.217528
775,282,3795,16273,0.017239,0.231541
776,-23,3813,16286,-0.001425,0.232594
777,174,4203,16299,0.010651,0.256426
778,44,4253,16352,0.002716,0.259475
779,-269,3639,16476,-0.016423,0.221986
780,-110,4418,16442,-0.006714,0.269557
781,-180,3831,16436,-0.011000,0.233718
782,94,4197,16289,0.005762,0.256060
783,-130,4217,16339,-0.007982,0.257251
784,-351,3880,16411,-0.021425,0.236734
785,-368,4164,16329,-0.022477,0.254022
786,-464,4067,16360,-0.028326,0.248111
787,-567,4194,16424,-0.034588,0.255868
788,-782,4140,16351,-0.047758,0.252552
789,-671,4314,16402,-0.040970,0.263176
790,-835,4108,16525,-0.050945,0.250594
791,-982,4055,16365,-0.059902,0.247402
792,-720,4270,16486,-0.043931,0.260514
793,-797,4160,16429,-0.048660,0.253766
794,-1246,4164,16245,-0.076045,0.254059
795,-1003,3885,16278,-0.061198,0.237020
796,-858,3784,16301,-0.052396,0.230838
797,-905,3832,16298,-0.055251,0.233771
798,-971,3779,16366,-0.059240,0.230534
799,-1209,3983,16429,-0.073797,0.243017
800,-1431,3963,16486,-0.087314,0.241761
801,-1538,3698,16400,-0.093836,0.225621
802,-1346,3918,16331,-0.082135,0.239009
803,-1408,3834,16183,-0.085890,0.233899
804,-1314,3552,16377,-0.080171,0.216733
805,-1420,3276,16372,-0.086646,0.199855
806,-1717,3617,16385,-0.104764,0.220695
807,-1995,3226,16558,-0.121718,0.196795
808,-1908,3157,16480,-0.116426,0.192587
809,-1894,2964,16438,-0.115579,0.180832
810,-2055,2750,16280,-0.125413,0.167790
811,-2212,2525,16320,-0.134939,0.154080
812,-2153,2778,16357,-0.131364,0.169510
813,-2383,2391,16295,-0.145421,0.145908
814,-2503,2948,16410,-0.152684,0.179834
815,-2432,2058,16396,-0.148407,0.125574
816,-2663,1880,16266,-0.162465,0.114734
817,-2651,2048,16471,-0.161714,0.124939
818,-2752,2076,16372,-0.167884,0.126648
819,-3115,1652,16207,-0.190035,0.100786
820,-3106,1580,16358,-0.189515,0.096394
821,-2872,977,16387,-0.175220,0.059637
822,-3454,1017,16449,-0.210709,0.062097
823,-3740,773,16331,-0.228157,0.047213
824,-3808,451,16436,-0.232340,0.027513
825,-3582,637,16378,-0.218541,0.038870
826,-3696,33,16242,-0.225516,0.002052
827,-3837,20,16233,-0.234115,0.001261
828,-3711,-17,16462,-0.226374,-0.001054
829,-4523,-249,16468,-0.275958,-0.015241
830,-4080,-207,16389,-0.248920,-0.012665
831,-3978,-402,16495,-0.242682,-0.024538
832,-4568,-473,16455,-0.278680,-0.028861
833,-4535,-673,16422,-0.276676,-0.041099
834,-4701,-776,16278,-0.286781,-0.047372
835,-4821,-1152,16516,-0.294087,-0.070321
836,-4808,-1264,16409,-0.293307,-0.077147
837,-4576,-1390,16326,-0.279174,-0.084824
838,-4581,-1616,16300,-0.279486,-0.098612
839,-5046,-1868,16384,-0.307847,-0.113989
840,-4709,-2007,16210,-0.287257,-0.122430
841,-5105,-2239,16424,-0.311463,-0.136603
842,-4848,-2155,16275,-0.295759,-0.131468
843,-5226,-2381,16395,-0.318802,-0.145277
844,-5222,-2611,16315,-0.318567,-0.159296
845,-5208,-2731,16338,-0.317707,-0.166648
846,-4720,-2944,16294,-0.287944,-0.179629
847,-5150,-2656,16348,-0.314180,-0.162073
848,-5432,-2919,16534,-0.331388,-0.178064
849,-5121,-3181,16489,-0.312431,-0.194060
850,-5343,-2964,16396,-0.325957,-0.180861
851,-5338,-3289,16362,-0.325645,-0.200643
852,-5048,-3511,16441,-0.307932,-0.214207
853,-5157,-3135,16467,-0.314635,-0.191290
854,-5054,-3471,16291,-0.308342,-0.211751
855,-5033,-3494,16360,-0.307060,-0.213193
856,-4896,-3452,16203,-0.298698,-0.210630
857,-4791,-3285,16469,-0.292297,-0.200446
858,-5118,-3512,16555,-0.312240,-0.214274
859,-4540,-3749,16376,-0.276962,-0.228724
860,-4719,-3445,16178,-0.287869,-0.210160
861,-4674,-3633,16425,-0.285130,-0.221670
862,-4287,-3202,16289,-0.261547,-0.195358
863,-4116,-3533,16312,-0.251080,-0.215542
864,-4101,-3920,16429,-0.250212,-0.239150
865,-3664,-3431,16396,-0.223525,-0.209319
866,-3885,-3118,16330,-0.237042,-0.190216
867,-3539,-3152,16316,-0.215921,-0.192319
868,-3387,-3070,16387,-0.206628,-0.187275
869,-3099,-3543,16339,-0.189069,-0.216132
870,-2844,-3149,16277,-0.173497,-0.192140
871,-2874,-3396,16348,-0.175336,-0.207161
872,-2355,-3173,16409,-0.143678,-0.193607
873,-2263,-3389,16363,-0.138095,-0.206766
874,-2402,-3219,16253,-0.146524,-0.196403
875,-2196,-3167,16470,-0.134000,-0.193189
876,-1626,-2823,16135,-0.099190,-0.172212
877,-1442,-2779,16343,-0.087976,-0.169570
878,-1198,-2812,16328,-0.073104,-0.171574
879,-961,-3044,16398,-0.058662,-0.185698
880,-692,-2795,16436,-0.042264,-0.170502
881,-340,-2812,16488,-0.020754,-0.171540
882,-490,-2460,16323,-0.029909,-0.150074
883,-281,-2345,16441,-0.017199,-0.143058
884,-50,-2309,16407,-0.003100,-0.140864
885,412,-2579,16236,0.025159,-0.157364
886,795,-2883,16562,0.048519,-0.175886
887,699,-2656,16262,0.042681,-0.162020
888,528,-2031,16431,0.032238,-0.123927
889,869,-2313,16429,0.053045,-0.141123
890,1218,-2332,16420,0.074333,-0.142283
891,1454,-1859,16351,0.088722,-0.113452
892,1661,-1889,16471,0.101354,-0.115288
893,1915,-2078,16257,0.116870,-0.126811
894,2019,-2104,16393,0.123208,-0.128378
895,2425,-2047,16349,0.147947,-0.124871
896,2267,-1957,16339,0.138297,-0.119383
897,2379,-1687,16440,0.145127,-0.102939
898,2759,-1881,16499,0.168301,-0.114741
899,2526,-1810,16372,0.154097,-0.110437
900,2996,-1717,16474,0.182759,-0.104774
901,3059,-2129,16409,0.186610,-0.129887
902,3121,-1774,16325,0.190395,-0.108262
903,3533,-1959,16383,0.215548,-0.119501
904,3226,-2356,16380,0.196824,-0.143771
905,3794,-2286,16345,0.231456,-0.139461
906,3458,-2087,16448,0.210980,-0.127318
907,3338,-1810,16431,0.203629,-0.110438
908,3642,-1889,16267,0.222222,-0.115271
909,3491,-1881,16262,0.212964,-0.114798
910,3597,-1569,16450,0.219468,-0.095714
911,3846,-2155,16339,0.234640,-0.131509
912,3910,-1938,16441,0.238535,-0.118234
913,3727,-1884,16485,0.227362,-0.114957
914,4040,-2077,16300,0.246500,-0.126750
915,4089,-1944,16288,0.249472,-0.118638
916,4152,-2242,16567,0.253327,-0.136783
917,3997,-1702,16449,0.243846,-0.103825
918,4151,-2080,16380,0.253240,-0.126883
919,3565,-1589,16334,0.217520,-0.096973
920,3843,-1958,16373,0.234443,-0.119475
921,3736,-1761,16312,0.227921,-0.107460
922,3903,-1948,16499,0.238091,-0.118841
923,3764,-1932,16350,0.229640,-0.117900
924,3821,-2018,16519,0.233087,-0.123104
925,4171,-1873,16385,0.254469,-0.114283
926,3780,-1816,16328,0.230627,-0.110796
927,3863,-1990,16384,0.235668,-0.121398
928,3722,-1842,16186,0.227096,-0.112392
929,3753,-1897,16412,0.228942,-0.115735
930,3714,-1335,16408,0.226574,-0.081491
931,3767,-1726,16498,0.229789,-0.105289
932,3868,-1386,16254,0.235989,-0.084567
933,3927,-1651,16529,0.239578,-0.100726
934,3657,-1516,16499,0.223131,-0.092478
935,3679,-1743,16538,0.224468,-0.106369
936,3337,-1524,16420,0.203579,-0.093005
937,3500,-1340,16517,0.213529,-0.081777
938,3657,-1023,16293,0.223101,-0.062410
939,3615,-1195,16490,0.220555,-0.072942
940,3469,-909,16356,0.211639,-0.055462
941,3563,-962,16277,0.217353,-0.058712
942,3463,-700,16324,0.211303,-0.042724
943,3564,-917,16426,0.217418,-0.055938
944,3372,-384,16351,0.205713,-0.023469
945,3228,-809,16460,0.196934,-0.049393
946,3325,-764,16263,0.202855,-0.046611
947,2708,-745,16234,0.165230,-0.045462
948,3278,-5,16549,0.199970,-0.000341
949,2522,-174,16507,0.153896,-0.010672
950,2841,-277,16331,0.173314,-0.016952
951,3204,114,16425,0.195449,0.006971
952,3178,121,16517,0.193897,0.007389
953,2852,460,16462,0.173972,0.028113
954,2901,-62,16438,0.176981,-0.003823
955,3243,279,16523,0.197879,0.017043
956,2875,355,16358,0.175392,0.021661
957,3331,194,16426,0.203220,0.011837
958,2889,852,16421,0.176269,0.052011
959,2924,723,16398,0.178423,0.044159
960,3102,1016,16387,0.189262,0.062031
961,2792,1419,16428,0.170351,0.086576
962,2544,1039,16424,0.155201,0.063409
963,2659,1135,16326,0.162219,0.069279
964,2624,1340,16493,0.160109,0.081765
965,2335,1603,16332,0.142437,0.097789
966,2482,1427,16400,0.151455,0.087079
967,2340,1519,16392,0.142795,0.092663
968,2585,1924,16450,0.157686,0.117421
969,2366,1902,16226,0.144326,0.116039
970,2248,1563,16497,0.137133,0.095352
971,2217,1806,16355,0.135248,0.110217
972,2211,2392,16526,0.134917,0.145942
973,2215,2286,16372,0.135174,0.139458
974,1855,2166,16410,0.113204,0.132134
975,1777,2360,16586,0.108444,0.143997
976,2092,2479,16388,0.127651,0.151241
977,1745,2693,16524,0.106465,0.164282
978,1488,2396,16415,0.090828,0.146210
979,1747,2569,16448,0.106627,0.156732
980,1673,2847,16416,0.102103,0.173687
981,1235,2855,16485,0.075367,0.174158
982,1473,3049,16346,0.089876,0.185991
983,1484,2794,16319,0.090547,0.170492
984,1338,3149,16349,0.081646,0.192134
985,1303,3348,16415,0.079529,0.204278
986,855,3304,16385,0.052170,0.201567
987,1086,3304,16468,0.066296,0.201560
988,891,3322,16521,0.054373,0.202670
989,777,3247,16314,0.047457,0.198115
990,941,3441,16335,0.057438,0.209959
991,971,3736,16271,0.059266,0.227939
992,949,3540,16582,0.057911,0.215981
993,784,3452,16426,0.047868,0.210587
994,450,3572,16441,0.027491,0.217921
995,458,3743,16276,0.027940,0.228377
996,457,3684,16396,0.027930,0.224762
997,267,3881,16441,0.016341,0.236779
998,197,3928,16371,0.012042,0.239624
999,251,4031,16490,0.015345,0.245941
1000,22,4163,16600,0.001399,0.253964
1001,-165,4118,16306,-0.010116,0.251249
1002,-175,3800,16298,-0.010710,0.231847
1003,-51,3833,16310,-0.003150,0.233847
1004,-229,4007,16533,-0.013978,0.244439
1005,-230,3960,16481,-0.014076,0.241613
1006,-232,3855,16374,-0.014180,0.235165
1007,-480,3995,16389,-0.029337,0.243738
1008,-335,4001,16311,-0.020494,0.244074
1009,-462,3973,16464,-0.028188,0.242380
1010,-810,4041,16349,-0.049434,0.246541
1011,-384,4311,16359,-0.023443,0.262979
1012,-790,4130,16436,-0.048246,0.251956
1013,-1055,4531,16363,-0.064355,0.276438
1014,-1000,4103,16358,-0.061049,0.250333
1015,-1052,4003,16380,-0.064196,0.244190
1016,-915,4033,16449,-0.055818,0.246054
1017,-1030,4051,16525,-0.062861,0.247152
1018,-1099,4051,16429,-0.067053,0.247124
1019,-985,4309,16448,-0.060086,0.262860
1020,-1094,3738,16357,-0.066786,0.228065
1021,-1159,3997,16310,-0.070749,0.243818
1022,-1205,3824,16432,-0.073510,0.233311
1023,-1231,3443,16388,-0.075138,0.210045
1024,-1788,3799,16243,-0.109113,0.231746
1025,-1542,3816,16341,-0.094071,0.232790
1026,-1939,3354,16363,-0.118314,0.204627
1027,-1612,3422,16324,-0.098349,0.208797
1028,-1694,3022,16503,-0.103361,0.184386
1029,-1582,3010,16412,-0.096531,0.183619
1030,-1636,3323,16492,-0.099852,0.202727
1031,-1897,2941,16391,-0.115738,0.179437
1032,-2109,2711,16374,-0.128694,0.165381
1033,-2020,2832,16282,-0.123245,0.172759
1034,-2294,2570,16367,-0.139953,0.156801
1035,-2293,2448,16366,-0.139893,0.149347
1036,-2211,2529,16241,-0.134928,0.154312
1037,-2589,2044,16315,-0.157968,0.124742
1038,-2445,1944,16335,-0.149181,0.118607
1039,-2572,1983,16401,-0.156947,0.121023
1040,-2973,1975,16404,-0.181391,0.120489
1041,-2734,1863,16310,-0.166788,0.113695
1042,-2894,1357,16404,-0.176537,0.082783
1043,-3113,1479,16345,-0.189915,0.090227
1044,-3382,998,16103,-0.206312,0.060924
1045,-3513,1296,16318,-0.214325,0.079111
1046,-3570,588,16458,-0.217774,0.035887
1047,-3490,855,16209,-0.212893,0.052197
1048,-3874,319,16371,-0.236368,0.019502
1049,-3737,622,16503,-0.228008,0.037951
1050,-4153,186,16292,-0.253389,0.011360
1051,-4078,-283,16361,-0.248802,-0.017273
1052,-4132,-373,16243,-0.252069,-0.022770
1053,-3819,-316,16507,-0.232961,-0.019307
1054,-4613,-444,16353,-0.281425,-0.027114
1055,-4201,-822,16364,-0.256306,-0.050154
1056,-4538,-974,16482,-0.276851,-0.059429
1057,-4585,-1015,16420,-0.279726,-0.061958
1058,-4728,-1295,16281,-0.288416,-0.079035
1059,-4753,-1716,16302,-0.289985,-0.104679
1060,-4940,-1788,16405,-0.301388,-0.109113
1061,-4723,-1754,16304,-0.288158,-0.107033
1062,-5134,-1727,16170,-0.313234,-0.105403
1063,-4908,-1800,16356,-0.299399,-0.109834
1064,-5280,-2090,16228,-0.322138,-0.127531
1065,-5220,-2312,16507,-0.318438,-0.141083
1066,-5439,-2356,16378,-0.331800,-0.143764
1067,-5192,-2732,16281,-0.316722,-0.166698
1068,-5033,-2754,16300,-0.307015,-0.168000
1069,-5317,-2982,16193,-0.324395,-0.181906
1070,-5340,-3158,16264,-0.325774,-0.192665
1071,-5497,-2965,16455,-0.335351,-0.180900
1072,-5319,-3077,16565,-0.324499,-0.187714
1073,-5537,-3064,16430,-0.337779,-0.186914
1074,-5376,-3159,16357,-0.327968,-0.192728
1075,-5122,-3276,16327,-0.312483,-0.199854
1076,-4867,-3274,16280,-0.296897,-0.199720
1077,-4529,-3428,16552,-0.276312,-0.209164
1078,-5063,-3385,16350,-0.308853,-0.206542
1079,-4609,-3622,16558,-0.281183,-0.221002
1080,-4725,-3449,16494,-0.288252,-0.210428
1081,-4687,-3412,16212,-0.285958,-0.208181
1082,-4464,-3664,16310,-0.272308,-0.223509
1083,-4403,-3537,16310,-0.268584,-0.215765
1084,-4257,-3655,16364,-0.259690,-0.222985
1085,-4204,-3628,16366,-0.256495,-0.221321
1086,-4228,-3720,16642,-0.257962,-0.226939
1087,-4092,-3267,16276,-0.249646,-0.199327
1088,-3526,-3276,16394,-0.215092,-0.199884
1089,-3516,-3340,16430,-0.214488,-0.203742
1090,-3389,-3044,16375,-0.206751,-0.185721
1091,-3089,-3393,16386,-0.188463,-0.206996
1092,-2751,-2767,16283,-0.167820,-0.168825
1093,-2660,-3306,16387,-0.162265,-0.201722
1094,-2604,-3168,16425,-0.158862,-0.193267
1095,-2054,-3231,16409,-0.125299,-0.197139
1096,-1776,-3036,16432,-0.108342,-0.185219
1097,-1754,-2894,16509,-0.107016,-0.176558
1098,-1448,-3005,16467,-0.088344,-0.183349
1099,-1178,-2603,16389,-0.071884,-0.158834
1100,-975,-2819,16278,-0.059535,-0.171988
1101,-845,-2751,16331,-0.051599,-0.167868
1102,-625,-2902,16366,-0.038164,-0.177073
1103,-417,-2602,16409,-0.025461,-0.158729
1104,-487,-2641,16344,-0.029757,-0.161115
1105,55,-2667,16304,0.003401,-0.162709
1106,-98,-2639,16282,-0.005987,-0.161026
1107,217,-1961,16241,0.013241,-0.119667
1108,805,-2436,16370,0.049164,-0.148650
1109,928,-2600,16260,0.056668,-0.158610
1110,1247,-2413,16303,0.076118,-0.147245
1111,1127,-2250,16358,0.068800,-0.137276
1112,1161,-2098,16274,0.070822,-0.128012
1113,1511,-2056,16430,0.092212,-0.125419
1114,1753,-1996,16463,0.106969,-0.121762
1115,1923,-2199,16348,0.117315,-0.134174
1116,2280,-1990,16359,0.139107,-0.121406
1117,2170,-2181,16448,0.132430,-0.133055
1118,2452,-2109,16336,0.149606,-0.128698
1119,2356,-2141,16331,0.143738,-0.130634
1120,2753,-2171,16510,0.167987,-0.132461
1121,2803,-1749,16483,0.171023,-0.106717
1122,2790,-1804,16458,0.170224,-0.110061
1123,2998,-1742,16488,0.182888,-0.106277
1124,3114,-1903,16227,0.189991,-0.116133
1125,3198,-1765,16529,0.195106,-0.107716
1126,3658,-2220,16443,0.223153,-0.135468
1127,3405,-1746,16499,0.207710,-0.106557
1128,3455,-1871,16444,0.210776,-0.114171
1129,3190,-1793,16414,0.194604,-0.109383
1130,3469,-1841,16386,0.211617,-0.112343
1131,3637,-2093,16444,0.221909,-0.127684
1132,3609,-2191,16384,0.220193,-0.133653
1133,4024,-2055,16491,0.245471,-0.125382
1134,3780,-1831,16270,0.230609,-0.111718
1135,4071,-1814,16365,0.248379,-0.110715
1136,3874,-2191,16599,0.236318,-0.133698
1137,3887,-2126,16359,0.237149,-0.129742
1138,3877,-2084,16395,0.236551,-0.127139
1139,3902,-2020,16337,0.238064,-0.123265
1140,4215,-2202,16448,0.257149,-0.134367
1141,3486,-2212,16352,0.212693,-0.134961
1142,3539,-2100,16402,0.215923,-0.128158
1143,3794,-1931,16496,0.231483,-0.117819
1144,3884,-2151,16357,0.236940,-0.131241
1145,3992,-1948,16491,0.243517,-0.118836
1146,3936,-1721,16495,0.240119,-0.105035
1147,3762,-2129,16516,0.229539,-0.129913
1148,3995,-1910,16434,0.243703,-0.116565
1149,3974,-1663,16714,0.242449,-0.101499
1150,3797,-1895,16518,0.231675,-0.115618
1151,3913,-1890,16452,0.238699,-0.115335
1152,3762,-1540,16344,0.229507,-0.093989
1153,3584,-1765,16415,0.218681,-0.107670
1154,3784,-1465,16553,0.230846,-0.089415
1155,3650,-1538,16578,0.222673,-0.093856
1156,3602,-1624,16558,0.219740,-0.099102
1157,3839,-1418,16496,0.234186,-0.086557
1158,3102,-1386,16312,0.189279,-0.084562
1159,3260,-1194,16469,0.198901,-0.072863
1160,3273,-1408,16313,0.199700,-0.085888
1161,3393,-1228,16291,0.207034,-0.074931
1162,3385,-1169,16447,0.206510,-0.071359
1163,3131,-951,16473,0.191022,-0.058014
1164,3197,-1178,16507,0.195068,-0.071902
1165,3192,-722,16471,0.194745,-0.044102
1166,3763,-731,16474,0.229562,-0.044631
1167,3617,-959,16337,0.220666,-0.058540
1168,3190,-408,16416,0.194631,-0.024889
1169,3171,-124,16290,0.193467,-0.007576
1170,3001,-245,16245,0.183117,-0.014962
1171,2836,-65,16492,0.173039,-0.003989
1172,3130,-202,16357,0.190986,-0.012337
1173,2942,-410,16504,0.179503,-0.025045
1174,3077,-335,16525,0.187711,-0.020461
1175,2773,152,16369,0.169157,0.009292
1176,2892,109,16478,0.176432,0.006692
1177,3023,162,16364,0.184438,0.009902
1178,3028,427,16257,0.184745,0.026058
1179,3002,660,16434,0.183140,0.040319
1180,2651,399,16381,0.161765,0.024367
1181,3005,691,16383,0.183337,0.042196
1182,2666,1155,16600,0.162674,0.070503
1183,2883,799,16284,0.175871,0.048790
1184,2723,1260,16456,0.166110,0.076862
1185,2430,1124,16331,0.148285,0.068579
1186,2574,1417,16502,0.157023,0.086463
1187,2647,1622,16447,0.161469,0.099000
1188,2639,1663,16454,0.161012,0.101467
1189,2449,1796,16334,0.149408,0.109604
1190,2694,1526,16349,0.164367,0.093125
1191,2541,2034,16501,0.155028,0.124124
1192,2252,1778,16577,0.137421,0.108464
1193,2371,2074,16460,0.144667,0.126552
1194,2520,2168,16335,0.153734,0.132269
1195,2458,2301,16446,0.149955,0.140373
1196,1814,2364,16633,0.110693,0.144225
1197,1798,2239,16423,0.109710,0.136590
1198,2161,2233,16545,0.131834,0.136247
1199,1628,2717,16345,0.099360,0.165784
1200,1505,2675,16408,0.091865,0.163195
1201,1580,2928,16466,0.096397,0.178626
1202,1666,2790,16446,0.101629,0.170192
1203,1493,2619,16340,0.091079,0.159800
1204,1314,3120,16335,0.080195,0.190327
1205,1230,2949,16496,0.075039,0.179942
1206,1142,3147,16514,0.069692,0.191968
1207,1031,3035,16542,0.062903,0.185149
1208,1519,3513,16567,0.092715,0.214299
1209,1080,3121,16416,0.065927,0.190387
1210,1105,3278,16375,0.067456,0.200013
1211,776,3417,16524,0.047388,0.208481
1212,751,3257,16465,0.045817,0.198737
1213,576,3569,16312,0.035145,0.217717
1214,147,3852,16306,0.009004,0.235021
1215,299,3524,16443,0.018247,0.214980
1216,143,3732,16382,0.008782,0.227682
1217,-11,3211,16394,-0.000688,0.195924
1218,104,3744,16492,0.006346,0.228443
1219,484,3737,16463,0.029583,0.227997
1220,165,3686,16514,0.010115,0.224869
1221,335,4066,16219,0.020480,0.248059
1222,107,3847,16415,0.006572,0.234717
1223,106,3907,16454,0.006515,0.238342
1224,-263,3901,16253,-0.016061,0.237974
1225,-71,3650,16330,-0.004359,0.222701
1226,-98,3816,16313,-0.005995,0.232821
1227,-396,4215,16389,-0.024162,0.257148
1228,-252,3679,16533,-0.015396,0.224477
1229,-311,3937,16568,-0.018985,0.240167
1230,-571,4014,16311,-0.034858,0.244897
1231,-732,4409,16431,-0.044706,0.268950
1232,-801,4237,16433,-0.048877,0.258469
1233,-628,3998,16417,-0.038357,0.243887
1234,-641,4329,16417,-0.039141,0.264114
1235,-899,3952,16408,-0.054867,0.241103
1236,-807,4255,16532,-0.049262,0.259558
1237,-765,3810,16478,-0.046688,0.232434
1238,-812,4226,16282,-0.049592,0.257815
1239,-701,3932,16449,-0.042778,0.239863
1240,-808,3787,16457,-0.049301,0.231022
1241,-1277,3895,16404,-0.077917,0.237628
1242,-852,3941,16477,-0.052005,0.240414
1243,-1312,3752,16391,-0.080066,0.228926
1244,-1090,3887,16391,-0.066525,0.237119
1245,-1330,3621,16383,-0.081167,0.220914
1246,-1482,3772,16190,-0.090460,0.230093
1247,-1802,3667,16364,-0.109946,0.223710
1248,-1577,3498,16310,-0.096219,0.213385
1249,-1899,3344,16263,-0.115899,0.204040
1250,-1519,3361,16498,-0.092669,0.205032
1251,-1497,3336,16414,-0.091347,0.203519
1252,-1994,3506,16365,-0.121682,0.213879
1253,-1879,3195,16316,-0.114646,0.194901
1254,-2150,3087,16393,-0.131169,0.188314
1255,-2221,3347,16455,-0.135496,0.204209
1256,-2059,2757,16291,-0.125626,0.168224
1257,-2300,2620,16365,-0.140302,0.159857
1258,-2076,2523,16443,-0.126639,0.153923
1259,-2576,2072,16190,-0.157137,0.126423
1260,-2410,2027,16358,-0.147051,0.123683
1261,-2677,1864,16325,-0.163327,0.113760
1262,-2657,1917,16351,-0.162135,0.116949
1263,-2990,1609,16317,-0.182420,0.098160
1264,-3028,1501,16375,-0.184767,0.091619
1265,-3152,1506,16535,-0.192306,0.091878
1266,-3395,1295,16332,-0.207123,0.079044
1267,-3239,938,16388,-0.197591,0.057243
1268,-3355,671,16541,-0.204707,0.040989
1269,-3480,820,16311,-0.212332,0.050072
1270,-3425,577,16524,-0.208950,0.035236
1271,-3555,-30,16361,-0.216878,-0.001864
1272,-3997,23,16521,-0.243854,0.001411
1273,-3974,-70,16428,-0.242454,-0.004277
1274,-4264,-138,16388,-0.260135,-0.008458
1275,-4255,-293,16354,-0.259601,-0.017889
1276,-4473,-583,16304,-0.272872,-0.035570
1277,-4175,-703,16367,-0.254677,-0.042938
1278,-4499,-970,16441,-0.274499,-0.059215
1279,-4699,-1273,16359,-0.286647,-0.077712
1280,-4534,-1366,16332,-0.276588,-0.083359
1281,-5225,-1479,16338,-0.318753,-0.090242
1282,-5276,-1648,16450,-0.321853,-0.100552
1283,-4842,-2137,16471,-0.295398,-0.130361
1284,-5041,-2018,16301,-0.307548,-0.123146
1285,-5067,-2081,16301,-0.309099,-0.126991
1286,-5403,-2281,16396,-0.329640,-0.139201
1287,-5213,-2409,16499,-0.318031,-0.146958
1288,-4884,-2403,16465,-0.297970,-0.146633
1289,-5125,-2807,16249,-0.312661,-0.171232
1290,-5263,-3020,16339,-0.321045,-0.184223
1291,-5383,-2896,16279,-0.328374,-0.176670
1292,-5376,-2795,16339,-0.327949,-0.170523
1293,-5680,-2721,16508,-0.346511,-0.166006
1294,-5231,-2969,16236,-0.319142,-0.181151
1295,-5097,-3452,16219,-0.310958,-0.210629
1296,-5496,-3299,16290,-0.335259,-0.201291
1297,-5282,-3273,16391,-0.322253,-0.199700
1298,-5313,-3342,16422,-0.324139,-0.203889
1299,-5210,-3323,16406,-0.317833,-0.202763
1300,-4947,-3625,16473,-0.301812,-0.221171
1301,-5244,-3480,16209,-0.319900,-0.212300
1302,-4658,-3440,16475,-0.284176,-0.209871
1303,-4524,-3384,16341,-0.276002,-0.206451
1304,-4587,-3688,16436,-0.279829,-0.225006
1305,-4861,-3608,16251,-0.296553,-0.220132
1306,-4456,-4030,16371,-0.271865,-0.245867
1307,-3908,-3645,16393,-0.238441,-0.222365
1308,-4477,-3612,16477,-0.273141,-0.220333
1309,-3876,-3679,16230,-0.236489,-0.224466
1310,-3856,-3439,16377,-0.235258,-0.209784
1311,-3321,-3447,16277,-0.202594,-0.210269
1312,-3403,-3807,16421,-0.207620,-0.232267
1313,-3018,-3320,16446,-0.184113,-0.202544
1314,-2792,-3481,16493,-0.170344,-0.212386
1315,-2361,-3178,16330,-0.144051,-0.193876
1316,-2522,-3445,16462,-0.153878,-0.210174
1317,-2207,-3154,16502,-0.134652,-0.192434
1318,-2328,-3154,16232,-0.142048,-0.192429
1319,-1628,-2990,16436,-0.099361,-0.182416
1320,-1760,-2962,16468,-0.107420,-0.180725
1321,-1503,-2970,16360,-0.091714,-0.181185
1322,-1183,-3139,16275,-0.072211,-0.191518
1323,-1238,-3067,16470,-0.075546,-0.187093
1324,-692,-2844,16277,-0.042229,-0.173496
1325,-336,-2679,16370,-0.020536,-0.163423
1326,-237,-2726,16384,-0.014464,-0.166331
1327,-357,-2444,16453,-0.021785,-0.149141
1328,124,-2550,16333,0.007565,-0.155556
1329,494,-2617,16328,0.030143,-0.159672
1330,232,-2439,16400,0.014167,-0.148810
1331,583,-2296,16483,0.035604,-0.140098
1332,1137,-2229,16599,0.069399,-0.135991
1333,1225,-1902,16258,0.074760,-0.116047
1334,1443,-2317,16423,0.088028,-0.141383
1335,1890,-2169,16298,0.115311,-0.132330
1336,1819,-2041,16489,0.111000,-0.124517
1337,2027,-2087,16313,0.123682,-0.127338
1338,2564,-2141,16338,0.156455,-0.130658
1339,2197,-2302,16346,0.134052,-0.140460
1340,2245,-2090,16393,0.136956,-0.127501
1341,2611,-2169,16430,0.159319,-0.132350
1342,2751,-2268,16446,0.167863,-0.138381
1343,2708,-2084,16402,0.165195,-0.127175
1344,2739,-2117,16284,0.167116,-0.129154
1345,3457,-1813,16470,0.210890,-0.110599
1346,3206,-1802,16401,0.195612,-0.109953
1347,3115,-2068,16511,0.190022,-0.126203
1348,3503,-1950,16343,0.213743,-0.118956
1349,3403,-2237,16264,0.207592,-0.136492
1350,3453,-1992,16406,0.210678,-0.121557
1351,3669,-1834,16527,0.223861,-0.111893
1352,3397,-1761,16425,0.207242,-0.107449
1353,3748,-2043,16393,0.228682,-0.124670
1354,4078,-1731,16334,0.248780,-0.105604
1355,3859,-2200,16571,0.235400,-0.134222
1356,3742,-2158,16321,0.228285,-0.131656
1357,3747,-1811,16349,0.228628,-0.110499
1358,3788,-1643,16466,0.231125,-0.100269
1359,3835,-1861,16248,0.233946,-0.113522
1360,3825,-1961,16531,0.233372,-0.119627
1361,4067,-2352,16473,0.248101,-0.143481
1362,3593,-2321,16499,0.219177,-0.141632
1363,4060,-1932,16468,0.247690,-0.117895
1364,3832,-2017,16404,0.233764,-0.123057
1365,3960,-2146,16323,0.241604,-0.130932
1366,3678,-1926,16407,0.224383,-0.117533
1367,4107,-1906,16332,0.250541,-0.116296
1368,4075,-1742,16465,0.248617,-0.106291
1369,4005,-1870,16494,0.244321,-0.114091
1370,3538,-1652,16555,0.215831,-0.100781
1371,3938,-1847,16456,0.240237,-0.112683
1372,3837,-1840,16506,0.234104,-0.112286
1373,3450,-1595,16396,0.210452,-0.097317
1374,3708,-1927,16380,0.226240,-0.117550
1375,3751,-1202,16466,0.228867,-0.073343
1376,3758,-1597,16389,0.229287,-0.097437
1377,3662,-1547,16449,0.223406,-0.094385
1378,3654,-1468,16329,0.222928,-0.089555
1379,3839,-1166,16345,0.234193,-0.071185
1380,3765,-1301,16482,0.229725,-0.079369
1381,2999,-1668,16505,0.182958,-0.101748
1382,3430,-1056,16336,0.209266,-0.064418
1383,3429,-1297,16486,0.209218,-0.079134
1384,3115,-1139,16378,0.190038,-0.069504
1385,3420,-1308,16427,0.208639,-0.079832
1386,3600,-898,16553,0.219641,-0.054837
1387,3151,-1023,16499,0.192262,-0.062454
1388,3380,-797,16497,0.206230,-0.048659
1389,3127,-773,16598,0.190773,-0.047179
1390,3143,-278,16362,0.191770,-0.017005
1391,3503,-169,16337,0.213718,-0.010347
1392,3111,-417,16360,0.189790,-0.025471
1393,3264,-311,16402,0.199113,-0.018982
1394,2814,-284,16213,0.171688,-0.017384
1395,3458,88,16406,0.210965,0.005398
1396,3201,-62,16376,0.195274,-0.003794
1397,3028,30,16495,0.184751,0.001851
1398,3133,392,16456,0.191145,0.023968
1399,2742,230,16370,0.167295,0.014041
1400,3175,431,16477,0.193724,0.026333
1401,2868,264,16489,0.174984,0.016153
1402,2853,788,16354,0.174045,0.048093
1403,2762,1122,16378,0.168527,0.068483
1404,2706,1013,16222,0.165090,0.061828
1405,2894,1257,16323,0.176551,0.076698
1406,2771,950,16354,0.169042,0.057987
1407,2796,1254,16428,0.170595,0.076511
1408,2629,1148,16335,0.160404,0.070085
1409,2673,1384,16374,0.163095,0.084424
1410,2453,1668,16309,0.149662,0.101808
1411,2876,1651,16434,0.175486,0.100723
1412,2135,1479,16457,0.130270,0.090253
1413,2587,1596,16454,0.157816,0.097409
1414,2545,1682,16418,0.155291,0.102651
1415,2082,2116,16277,0.127042,0.129103
1416,2573,2493,16360,0.156985,0.152132
1417,2284,2459,16378,0.139340,0.150024
1418,2211,1961,16378,0.134883,0.119663
1419,1970,2647,16420,0.120210,0.161504
1420,1854,2645,16541,0.113110,0.161396
1421,1781,2281,16485,0.108697,0.139190
1422,1814,2587,16322,0.110709,0.157816
1423,1920,2918,16472,0.117159,0.178034
1424,1622,2897,16467,0.099001,0.176739
1425,1347,2636,16336,0.082179,0.160856
1426,1580,3056,16485,0.096420,0.186418
1427,1517,2631,16393,0.092588,0.160504
1428,1388,3045,16279,0.084729,0.185755
1429,1324,3357,16447,0.080778,0.204788
1430,1059,3219,16424,0.064636,0.196414
1431,859,3189,16383,0.052436,0.194541
1432,789,3500,16400,0.048151,0.213508
1433,570,3574,16337,0.034778,0.218021
1434,827,3691,16456,0.050469,0.225161
1435,689,3667,16396,0.042076,0.223700
1436,546,3757,16414,0.033333,0.229185
1437,14,3744,16431,0.000893,0.228437
1438,245,3709,16293,0.014978,0.226256
1439,596,3723,16316,0.036389,0.227153
1440,199,3709,16196,0.012184,0.226261
1441,311,3575,16446,0.018975,0.218104
1442,-76,3661,16285,-0.004694,0.223364
1443,362,3820,16405,0.022110,0.233060
1444,7,3950,16425,0.000467,0.240961
1445,17,4199,16445,0.001097,0.256143
1446,318,3961,16282,0.019432,0.241664
1447,107,4177,16383,0.006558,0.254824
1448,-284,4215,16539,-0.017383,0.257145
1449,-399,4000,16542,-0.024344,0.244030
1450,-412,4167,16476,-0.025132,0.254228
1451,-321,4031,16416,-0.019605,0.245917
1452,-491,4325,16294,-0.029970,0.263838
1453,-601,4209,16449,-0.036703,0.256765
1454,-323,3883,16369,-0.019712,0.236919
1455,-664,4127,16433,-0.040565,0.251793
1456,-285,4391,16324,-0.017442,0.267894
1457,-740,4053,16365,-0.045151,0.247255
1458,-490,4153,16394,-0.029915,0.253383
1459,-803,4153,16401,-0.049034,0.253386
1460,-750,3845,16422,-0.045799,0.234606
1461,-1111,4097,16325,-0.067820,0.249948
1462,-1192,3721,16255,-0.072740,0.227004
1463,-1013,3821,16522,-0.061846,0.233135
1464,-977,4085,16599,-0.059650,0.249196
1465,-1209,3906,16414,-0.073783,0.238293
1466,-1510,3732,16254,-0.092169,0.227676
1467,-1588,3807,16303,-0.096878,0.232238
1468,-1665,3649,16418,-0.101624,0.222608
1469,-1795,3589,16492,-0.109506,0.218984
1470,-1526,3627,16261,-0.093128,0.221280
1471,-1415,3293,16358,-0.086370,0.200894
1472,-1696,3341,16387,-0.103457,0.203809
1473,-2178,3180,16446,-0.132896,0.194031
1474,-1885,2848,16337,-0.115015,0.173757
1475,-1963,2859,16226,-0.119759,0.174443
1476,-1641,3193,16423,-0.100134,0.194828
1477,-2370,2860,16467,-0.144611,0.174467
1478,-2269,2426,16358,-0.138443,0.147989
1479,-1985,2255,16402,-0.121113,0.137582
1480,-2308,2376,16322,-0.140825,0.144945
1481,-2387,2535,16288,-0.145636,0.154694
1482,-2570,2073,16456,-0.156783,0.126511
1483,-2635,2191,16398,-0.160770,0.133705
1484,-2661,1863,16407,-0.162335,0.113696
1485,-3055,1725,16498,-0.186405,0.105259
1486,-2861,1236,16267,-0.174563,0.075406
1487,-3379,1479,16312,-0.206139,0.090229
1488,-3185,1079,16376,-0.194314,0.065865
1489,-3326,1123,16310,-0.202908,0.068516
1490,-3584,645,16432,-0.218639,0.039403
1491,-3591,648,16344,-0.219111,0.039531
1492,-3814,501,16271,-0.232704,0.030596
1493,-4009,231,16366,-0.244610,0.014111
1494,-3993,152,16376,-0.243620,0.009306
1495,-4241,-147,16445,-0.258701,-0.009028
1496,-4093,-396,16396,-0.249725,-0.024165
1497,-4467,-167,16402,-0.272508,-0.010239
1498,-4236,-445,16389,-0.258443,-0.027154
1499,-4680,-946,16343,-0.285495,-0.057745
1500,-4667,-879,16296,-0.284729,-0.053668
1501,-4772,-1286,16386,-0.291120,-0.078469
1502,-4510,-1533,16330,-0.275141,-0.093517
1503,-4774,-1296,16513,-0.291243,-0.079079
1504,-4951,-1949,16482,-0.302027,-0.118916
1505,-4896,-1629,16418,-0.298666,-0.099424
1506,-5432,-1992,16395,-0.331392,-0.121553
1507,-5120,-2130,16353,-0.312329,-0.129937
1508,-4804,-2157,16248,-0.293077,-0.131599
1509,-5185,-2259,16342,-0.316319,-0.137850
1510,-5233,-2640,16371,-0.319261,-0.161091
1511,-5175,-2483,16383,-0.315698,-0.151469
1512,-5132,-2706,16405,-0.313060,-0.165067
1513,-5664,-3059,16446,-0.345517,-0.186657
1514,-5608,-2963,16301,-0.342114,-0.180797
1515,-5258,-2776,16302,-0.320777,-0.169375
1516,-5407,-2808,16495,-0.329840,-0.171312
1517,-5013,-3058,16434,-0.305826,-0.186587
1518,-5268,-3472,16330,-0.321394,-0.211829
1519,-5512,-3231,16356,-0.336257,-0.197127
1520,-5333,-3221,16357,-0.325355,-0.196483
1521,-5532,-3290,16369,-0.337460,-0.200712
1522,-4999,-3318,16410,-0.304976,-0.202449
1523,-4902,-3426,16596,-0.299044,-0.209018
1524,-4845,-3529,16385,-0.295602,-0.215291
1525,-4466,-3643,16429,-0.272427,-0.222225
1526,-4325,-3885,16218,-0.263883,-0.237020
1527,-4444,-3485,16327,-0.271139,-0.212599
1528,-4662,-3509,16482,-0.284386,-0.214079
1529,-4019,-3432,16408,-0.245213,-0.209396
1530,-3876,-3758,15977,-0.236474,-0.229277
1531,-3758,-3379,16434,-0.229263,-0.206155
1532,-3466,-3098,16547,-0.211482,-0.189006
1533,-3676,-3422,16195,-0.224258,-0.208791
1534,-2919,-3411,16512,-0.178098,-0.208094
1535,-3264,-3303,16126,-0.199111,-0.201515
1536,-2759,-2947,16462,-0.168323,-0.179818
1537,-2996,-3450,16377,-0.182810,-0.210479
1538,-2653,-3177,16167,-0.161878,-0.193839
1539,-2001,-3304,16420,-0.122108,-0.201560
1540,-2107,-3202,16484,-0.128583,-0.195331
1541,-1692,-3054,16414,-0.103217,-0.186295
1542,-1581,-2742,16435,-0.096448,-0.167276
1543,-1421,-2599,16346,-0.086700,-0.158567
1544,-933,-2781,16216,-0.056964,-0.169689
1545,-999,-2868,16447,-0.060957,-0.174986
1546,-1054,-2289,16543,-0.064334,-0.139654
1547,-655,-2754,16488,-0.040013,-0.168035
1548,-190,-2720,16208,-0.011623,-0.165923
1549,0,-2877,16252,0.000044,-0.175543
1550,-136,-2247,16313,-0.008311,-0.137127
1551,229,-2268,16247,0.014013,-0.138406
1552,465,-1953,16395,0.028426,-0.119155
1553,711,-2587,16427,0.043406,-0.157868
1554,731,-2025,16264,0.044621,-0.123525
1555,1063,-2228,16464,0.064877,-0.135937
1556,1237,-2051,16449,0.075482,-0.125158
1557,1694,-2453,16346,0.103343,-0.149647
1558,1881,-1853,16381,0.114747,-0.113056
1559,1882,-1941,16222,0.114842,-0.118429
1560,2005,-2058,16369,0.122324,-0.125579
1561,2261,-1906,16400,0.137943,-0.116322
1562,2241,-2136,16416,0.136751,-0.130302
1563,2327,-2080,16435,0.141998,-0.126913
1564,2503,-2040,16424,0.152691,-0.124486
1565,2688,-2275,16379,0.164006,-0.138803
1566,2715,-1773,16430,0.165674,-0.108157
1567,3069,-1703,16495,0.187265,-0.103913
1568,3279,-2037,16397,0.200043,-0.124280
1569,2960,-1843,16435,0.180619,-0.112430
1570,3343,-1951,16391,0.203944,-0.119014
1571,3383,-1843,16350,0.206374,-0.112440
1572,3560,-2016,16456,0.217216,-0.123022
1573,3566,-2065,16360,0.217534,-0.125999
1574,3368,-1720,16445,0.205464,-0.104950
1575,3457,-1926,16414,0.210916,-0.117529
1576,3738,-1556,16385,0.228061,-0.094931
1577,3960,-1918,16383,0.241589,-0.117040
1578,3410,-2100,16368,0.208067,-0.128119
1579,3901,-1718,16266,0.238009,-0.104809
1580,4077,-1831,16449,0.248725,-0.111712
1581,3853,-1818,16437,0.235056,-0.110954
1582,3993,-1739,16493,0.243580,-0.106087
1583,3775,-2074,16369,0.230288,-0.126515
1584,3884,-1980,16588,0.236929,-0.120785
1585,3612,-1986,16384,0.220378,-0.121204
1586,3477,-2185,16340,0.212153,-0.133316
1587,4062,-1994,16330,0.247828,-0.121668
1588,3704,-1697,16264,0.225945,-0.103554
1589,3785,-1884,16559,0.230915,-0.114952
1590,3601,-2155,16544,0.219664,-0.131486
1591,3577,-2175,16476,0.218256,-0.132707
1592,3780,-1573,16341,0.230581,-0.095981
1593,3657,-1864,16586,0.223091,-0.113765
1594,3832,-1936,16391,0.233808,-0.118138
1595,3821,-1836,16399,0.233088,-0.112038
1596,3771,-2017,16553,0.230037,-0.123038
1597,3729,-1453,16483,0.227482,-0.088648
1598,3943,-1735,16622,0.240526,-0.105889
1599,3437,-1369,16447,0.209713,-0.083533
1600,3592,-1553,16389,0.219121,-0.094762
1601,3777,-1247,16370,0.230443,-0.076109
1602,3772,-1397,16258,0.230148,-0.085263
1603,3259,-1224,16400,0.198856,-0.074707
1604,3431,-1179,16529,0.209322,-0.071947
1605,3704,-1123,16479,0.225969,-0.068528
1606,3522,-1095,16427,0.214900,-0.066855
1607,3438,-1120,16336,0.209751,-0.068321
1608,3336,-648,16446,0.203510,-0.039555
1609,3278,-1069,16517,0.199993,-0.065265
1610,3372,-814,16465,0.205700,-0.049714
1611,3247,-719,16441,0.198071,-0.043890
1612,3257,-553,16354,0.198692,-0.033753
1613,3251,-604,16504,0.198331,-0.036876
1614,3086,-369,16143,0.188299,-0.022520
1615,3276,-353,16460,0.199882,-0.021543
1616,3677,-502,16657,0.224328,-0.030678
1617,2802,-109,16289,0.170933,-0.006663
1618,3150,-201,16403,0.192209,-0.012282
1619,2924,-206,16424,0.178397,-0.012592
1620,3133,241,16383,0.191166,0.014709
1621,3005,415,16517,0.183315,0.025329
1622,3099,533,16466,0.189097,0.032542
1623,3138,652,16437,0.191479,0.039786
1624,2924,312,16495,0.178407,0.019088
1625,3055,527,16424,0.186388,0.032162
1626,2388,1239,16709,0.145689,0.075603
1627,3055,804,16435,0.186404,0.049099
1628,2792,1213,16439,0.170353,0.074014
1629,2873,1087,16267,0.175282,0.066355
1630,2411,1333,16371,0.147082,0.081336
1631,2431,1310,16523,0.148311,0.079964
1632,2555,1630,16299,0.155875,0.099490
1633,2471,1657,16224,0.150772,0.101108
1634,2469,1653,16421,0.150631,0.100861
1635,2555,1644,16541,0.155875,0.100322
1636,1980,1980,16421,0.120827,0.120789
1637,2411,1809,16386,0.147128,0.110357
1638,2173,2198,16248,0.132554,0.134131
1639,2067,2687,16456,0.126148,0.163928
1640,1770,2547,16474,0.108018,0.155370
1641,2056,2520,16253,0.125435,0.153774
1642,1458,2461,16515,0.088944,0.150154
1643,1936,2210,16481,0.118133,0.134862
1644,1475,2403,16513,0.090000,0.146606
1645,1677,2952,16463,0.102334,0.180094
1646,1568,2655,16469,0.095695,0.161997
1647,1722,2746,16456,0.105070,0.167565
1648,1399,2916,16486,0.085386,0.177878
1649,1226,2825,16243,0.074820,0.172334
1650,1179,2864,16271,0.071955,0.174712
1651,1419,3142,16339,0.086579,0.191716
1652,1205,3055,16393,0.073516,0.186405
1653,957,3145,16439,0.058413,0.191878
1654,903,3198,16432,0.055101,0.195132
1655,582,3492,16503,0.035529,0.213045
1656,854,3413,16505,0.052135,0.208198
1657,387,3477,16322,0.023636,0.212117
1658,761,3669,16421,0.046442,0.223857
1659,570,3587,16322,0.034820,0.218813
1660,900,3611,16381,0.054955,0.220274
1661,196,3792,16426,0.011958,0.231343
1662,301,3872,16088,0.018366,0.236221
1663,570,3767,16612,0.034789,0.229823
1664,388,3848,16445,0.023709,0.234759
1665,-22,3730,16339,-0.001374,0.227563
1666,74,3751,16566,0.004515,0.228838
1667,-33,4077,16360,-0.002072,0.248755
1668,-49,4049,16402,-0.003050,0.247018
1669,-291,4078,16345,-0.017808,0.248794
1670,-245,4071,16537,-0.014993,0.248362
1671,-580,4050,16378,-0.035397,0.247084
1672,-328,4186,16400,-0.020065,0.255347
1673,-332,4243,16494,-0.020263,0.258882
1674,-513,4251,16437,-0.031314,0.259318
1675,-821,4076,16379,-0.050121,0.248662
1676,-409,4348,16483,-0.024977,0.265271
1677,-578,4139,16611,-0.035299,0.252529
1678,-831,4208,16410,-0.050724,0.256721
1679,-807,4136,16391,-0.049236,0.252351
1680,-1082,4117,16395,-0.066061,0.251175
1681,-1053,3922,16497,-0.064244,0.239288
1682,-1021,4159,16324,-0.062308,0.253724
1683,-759,4518,16352,-0.046336,0.275628
1684,-1153,3905,16238,-0.070383,0.238213
1685,-981,3947,16269,-0.059860,0.240797
1686,-1253,3810,16328,-0.076446,0.232455
1687,-1172,3754,16369,-0.071498,0.229000
1688,-1304,4065,16533,-0.079574,0.248014
1689,-1185,3605,16421,-0.072311,0.219925
1690,-1505,3574,16289,-0.091809,0.218054
1691,-1759,3301,16305,-0.107359,0.201384
1692,-1795,3372,16494,-0.109533,0.205722
1693,-1714,3116,16471,-0.104596,0.190103
1694,-1918,3447,16371,-0.117049,0.210315
1695,-1697,3742,16328,-0.103519,0.228262
1696,-1935,3068,16469,-0.118040,0.187165
1697,-1505,2725,16278,-0.091847,0.166233
1698,-2332,3073,16402,-0.142305,0.187478
1699,-2071,2659,16571,-0.126342,0.162239
1700,-2402,2899,16384,-0.146553,0.176841
1701,-2382,2482,16295,-0.145305,0.151423
1702,-2364,2282,16402,-0.144219,0.139229
1703,-2908,2222,16322,-0.177412,0.135564
1704,-2548,2244,16238,-0.155438,0.136901
1705,-2351,1915,16426,-0.143467,0.116826
1706,-2883,1710,16464,-0.175877,0.104361
1707,-2863,1604,16334,-0.174643,0.097888
1708,-2835,1247,16328,-0.172948,0.076109
1709,-3161,1381,16275,-0.192839,0.084284
1710,-3349,817,16348,-0.204317,0.049896
1711,-3768,887,16311,-0.229907,0.054137
1712,-3357,929,16270,-0.204809,0.056712
1713,-3608,670,16531,-0.220106,0.040917
1714,-3885,544,16403,-0.236996,0.033217
1715,-3793,247,16412,-0.231429,0.015090
1716,-4035,290,16440,-0.246150,0.017723
1717,-4137,66,16430,-0.252370,0.004075
1718,-4042,-198,16323,-0.246606,-0.012118
1719,-4501,-290,16385,-0.274580,-0.017697
1720,-4176,-498,16336,-0.254754,-0.030438
1721,-4719,-888,16400,-0.287873,-0.054210
1722,-4685,-1224,16391,-0.285789,-0.074703
1723,-4313,-1076,16326,-0.263096,-0.065675
1724,-4546,-1220,16240,-0.277317,-0.074478
1725,-4816,-1286,16374,-0.293803,-0.078456
1726,-5082,-1810,16342,-0.310043,-0.110470
1727,-5081,-1960,16190,-0.309974,-0.119590
1728,-5039,-1864,16407,-0.307407,-0.113715
1729,-5105,-2104,16448,-0.311441,-0.128392
1730,-5181,-2571,16589,-0.316049,-0.156850
1731,-5214,-2296,16326,-0.318114,-0.140117
1732,-5284,-2825,16313,-0.322366,-0.172378
1733,-5534,-2782,16262,-0.337589,-0.169761
1734,-5386,-2482,16381,-0.328593,-0.151446
1735,-5139,-2504,16381,-0.313484,-0.152766
1736,-5551,-3152,16290,-0.338660,-0.192301
1737,-5330,-3085,16348,-0.325175,-0.188193
1738,-5426,-3103,16186,-0.330994,-0.189286
1739,-5230,-2866,16448,-0.319033,-0.174885
1740,-5281,-3346,16296,-0.322202,-0.204157
1741,-4897,-3406,16362,-0.298726,-0.207769
1742,-5013,-3095,16237,-0.305834,-0.188807
1743,-5272,-3488,16314,-0.321644,-0.212818
1744,-4836,-3330,16342,-0.295017,-0.203139
1745,-5008,-3758,16367,-0.305493,-0.229263
1746,-4873,-3547,16412,-0.297280,-0.216378
1747,-4603,-3832,16499,-0.280842,-0.233789
1748,-4630,-3733,16436,-0.282476,-0.227753
1749,-4253,-3395,16457,-0.259443,-0.207104
1750,-4416,-3552,16501,-0.269424,-0.216674
1751,-4242,-3590,16423,-0.258812,-0.219039
1752,-4095,-3652,16369,-0.249803,-0.222801
1753,-3916,-3535,16464,-0.238889,-0.215677
1754,-3445,-3414,16471,-0.210187,-0.208294
1755,-3352,-3259,16433,-0.204528,-0.198842
1756,-2973,-3873,16244,-0.181385,-0.236292
1757,-2682,-3509,16300,-0.163613,-0.214064
1758,-3080,-3285,16352,-0.187902,-0.200424
1759,-2679,-3283,16448,-0.163475,-0.200306
1760,-2698,-3141,16377,-0.164584,-0.191637
1761,-2415,-3111,16482,-0.147342,-0.189821
1762,-2174,-3158,16499,-0.132644,-0.192668
1763,-2034,-3140,16489,-0.124085,-0.191545
1764,-1813,-3029,16491,-0.110625,-0.184797
1765,-1428,-2717,16289,-0.087132,-0.165742
1766,-1399,-2994,16427,-0.085350,-0.182671
1767,-804,-2812,16330,-0.049090,-0.171534
1768,-899,-2705,16237,-0.054841,-0.165057
1769,-4,-2396,16361,-0.000272,-0.146169
1770,-371,-2671,16507,-0.022652,-0.162944
1771,-57,-2384,16430,-0.003515,-0.145471
1772,-87,-2277,16571,-0.005322,-0.138933
1773,668,-2455,16406,0.040748,-0.149758
1774,772,-2427,16612,0.047139,-0.148069
1775,831,-2396,16408,0.050692,-0.146203
1776,736,-2334,16395,0.044942,-0.142379
1777,1214,-2087,16279,0.074106,-0.127312
1778,1166,-2155,16495,0.071161,-0.131484
1779,1818,-2113,16350,0.110942,-0.128933
1780,1881,-2321,16338,0.114747,-0.141582
1781,1926,-2257,16513,0.117495,-0.137723
1782,1636,-1665,16503,0.099837,-0.101573
1783,2058,-2055,16501,0.125586,-0.125374
1784,2513,-2137,16368,0.153299,-0.130404
1785,2753,-1717,16397,0.167955,-0.104797
1786,2872,-1906,16397,0.175235,-0.116288
1787,2516,-1837,16474,0.153477,-0.112063
1788,2980,-1953,16544,0.181789,-0.119155
1789,3223,-1975,16438,0.196653,-0.120526
1790,2848,-1941,16584,0.173775,-0.118431
1791,3245,-2155,16487,0.197990,-0.131471
1792,3388,-1919,16386,0.206680,-0.117061
1793,3368,-1849,16483,0.205484,-0.112795
1794,3165,-1569,16563,0.193086,-0.095764
1795,3509,-1890,16590,0.214093,-0.115336
1796,3571,-2331,16518,0.217853,-0.142199
1797,3658,-1932,16414,0.223174,-0.117860
1798,3631,-1426,16393,0.221539,-0.087040
1799,3695,-1770,16465,0.225399,-0.108019
1800,3803,-2079,16564,0.231986,-0.126852
1801,3919,-1832,16453,0.239073,-0.111803
1802,3808,-2078,16456,0.232290,-0.126813
1803,3807,-2194,16420,0.232234,-0.133841
1804,3910,-2016,16387,0.238544,-0.123015
1805,3555,-1939,16402,0.216892,-0.118327
1806,3991,-2294,16430,0.243490,-0.139979
1807,3904,-2163,16573,0.238202,-0.131959
1808,3907,-1950,16397,0.238377,-0.119004
1809,4065,-2020,16424,0.248026,-0.123258
1810,3529,-1867,16342,0.215299,-0.113911
1811,3511,-2146,16485,0.214214,-0.130924
1812,3900,-1783,16544,0.237927,-0.108824
1813,3830,-2108,16568,0.233687,-0.128615
1814,3842,-1577,16440,0.234365,-0.096224
1815,3705,-2158,16474,0.226033,-0.131644
1816,3884,-2016,16409,0.236958,-0.123035
1817,3907,-1712,16471,0.238369,-0.104433
1818,3800,-1450,16452,0.231832,-0.088481
1819,3639,-1653,16429,0.221988,-0.100836
1820,3278,-1563,16436,0.199986,-0.095374
1821,3769,-1612,16465,0.229918,-0.098382
1822,3822,-1747,16398,0.233164,-0.106621
1823,3689,-1593,16403,0.225074,-0.097225
1824,3386,-1662,16579,0.206562,-0.101418
1825,3637,-1609,16670,0.221907,-0.098159
1826,3643,-1236,16317,0.222224,-0.075437
1827,3740,-1438,16312,0.228176,-0.087739
1828,3273,-1101,16339,0.199674,-0.067167
1829,3362,-1312,16416,0.205112,-0.080080
1830,3510,-940,16506,0.214125,-0.057365
1831,3358,-994,16479,0.204846,-0.060664
1832,3118,-562,16441,0.190239,-0.034288
1833,3367,-663,16473,0.205407,-0.040493
1834,3369,-403,16363,0.205526,-0.024586
1835,3253,-663,16404,0.198434,-0.040464
1836,3248,-415,16424,0.198173,-0.025365
1837,3134,-499,16282,0.191183,-0.030478
1838,3418,-292,16320,0.208533,-0.017826
1839,2960,-158,16324,0.180572,-0.009652
1840,2986,-133,16494,0.182184,-0.008161
1841,3063,-112,16447,0.186880,-0.006884
1842,3188,-38,16479,0.194483,-0.002345
1843,2726,-94,16258,0.166332,-0.005775
1844,2726,248,16290,0.166303,0.015128
1845,2559,663,16483,0.156133,0.040450
1846,2895,373,16172,0.176650,0.022763
1847,2649,525,16533,0.161634,0.032084
1848,2741,1206,16258,0.167247,0.073594
1849,2888,878,16498,0.176184,0.053617
1850,2609,1161,16341,0.159170,0.070826
1851,2720,1327,16515,0.165970,0.080977
1852,2577,1438,16710,0.157208,0.087747
1853,2702,1150,16215,0.164843,0.070184
1854,2614,1488,16482,0.159496,0.090772
1855,2349,1341,16256,0.143348,0.081803
1856,2387,2175,16457,0.145662,0.132702
1857,2547,1546,16399,0.155427,0.094330
1858,2370,1742,16429,0.144571,0.106318
1859,1984,1840,16334,0.121049,0.112250
1860,2289,1851,16486,0.139674,0.112965
1861,1909,2457,16284,0.116459,0.149915
1862,2290,2740,16526,0.139738,0.167165
1863,2150,2305,16377,0.131167,0.140639
1864,1945,2238,16286,0.118688,0.136571
1865,1848,2157,16556,0.112730,0.131582
1866,1706,2597,16405,0.104114,0.158466
1867,1790,2663,16583,0.109209,0.162503
1868,1523,2680,16520,0.092928,0.163520
1869,1554,2912,16337,0.094796,0.177692
1870,1589,3017,16400,0.096943,0.184047
1871,1250,3074,16418,0.076275,0.187570
1872,1159,3028,16544,0.070749,0.184729
1873,974,2953,16445,0.059440,0.180153
1874,916,3336,16421,0.055907,0.203536
1875,697,3281,16386,0.042542,0.200167
1876,1077,3499,16398,0.065730,0.213497
1877,1191,3540,16520,0.072666,0.215990
1878,1041,3198,16402,0.063541,0.195112
1879,411,3250,16365,0.025107,0.198305
1880,756,3425,16348,0.046146,0.208979
1881,804,3422,16349,0.049048,0.208756
1882,388,3797,16271,0.023673,0.231643
1883,412,3771,16329,0.025176,0.230033
1884,-42,3950,16531,-0.002592,0.240962
1885,294,3865,16376,0.017942,0.235802
1886,-17,3871,16457,-0.001096,0.236168
1887,139,4087,16169,0.008480,0.249360
1888,-247,3991,16443,-0.015122,0.243472
1889,63,3951,16377,0.003878,0.241044
1890,83,4236,16347,0.005118,0.258409
1891,-307,4017,16406,-0.018738,0.245053
1892,-434,3965,16344,-0.026517,0.241925
1893,-680,3891,16196,-0.041535,0.237360
1894,-401,4187,16470,-0.024482,0.255420
1895,-518,4298,16407,-0.031611,0.262204
1896,-752,4077,16356,-0.045874,0.248738
1897,-448,4330,16297,-0.027372,0.264157
1898,-668,3743,16250,-0.040801,0.228344
1899,-838,4088,16402,-0.051142,0.249406
1900,-800,4087,16527,-0.048838,0.249323
1901,-563,3954,16399,-0.034365,0.241252
1902,-703,4502,16255,-0.042922,0.274680
1903,-891,4043,16399,-0.054394,0.246653
1904,-812,3959,16373,-0.049581,0.241524
1905,-1190,4010,16455,-0.072619,0.244616
1906,-1032,3611,16431,-0.062992,0.220305
1907,-1070,3797,16106,-0.065282,0.231658
1908,-1240,4068,16424,-0.075692,0.248179
1909,-1138,3728,16283,-0.069435,0.227450
1910,-1419,3637,16245,-0.086603,0.221908
1911,-1250,3962,16355,-0.076307,0.241732
1912,-1309,3901,16409,-0.079855,0.238012
1913,-2002,3680,16223,-0.122150,0.224533
1914,-1331,3427,16434,-0.081239,0.209049
1915,-2168,3381,16438,-0.132269,0.206261
1916,-1804,3188,16373,-0.110086,0.194520
1917,-1586,3057,16290,-0.096753,0.186523
1918,-1908,2946,16279,-0.116406,0.179710
1919,-2198,2914,16460,-0.134096,0.177769
1920,-2216,2724,16230,-0.135221,0.166196
1921,-1922,2508,16462,-0.117286,0.153034
1922,-2545,2704,16351,-0.155282,0.164961
1923,-2089,2575,16356,-0.127459,0.157106
1924,-2399,2703,16211,-0.146381,0.164888
1925,-2704,2133,16351,-0.164949,0.130169
1926,-2696,2161,16419,-0.164458,0.131823
1927,-2878,2012,16243,-0.175588,0.122768
1928,-2645,1754,16408,-0.161360,0.107033
1929,-2777,1774,16371,-0.169444,0.108263
1930,-3330,1616,16304,-0.203132,0.098627
1931,-3204,1369,16439,-0.195475,0.083518
1932,-3400,1094,16163,-0.207421,0.066738
1933,-3125,903,16393,-0.190645,0.055089
1934,-3716,546,16507,-0.226711,0.033313
1935,-3298,470,16491,-0.201215,0.028719
1936,-3708,325,16396,-0.226223,0.019881
1937,-4026,56,16333,-0.245602,0.003441
1938,-4052,158,16303,-0.247180,0.009695
1939,-4186,115,16333,-0.255375,0.007066
1940,-4381,-442,16409,-0.267296,-0.027014
1941,-4242,-406,16287,-0.258814,-0.024782
1942,-4586,-820,16428,-0.279782,-0.050068
1943,-4860,-864,16552,-0.296482,-0.052730
1944,-4634,-1106,16355,-0.282676,-0.067514
1945,-4984,-1043,16239,-0.304080,-0.063679
1946,-4885,-1441,16239,-0.297991,-0.087952
1947,-4997,-1300,16430,-0.304877,-0.079323
1948,-5070,-1686,16355,-0.309281,-0.102874
1949,-4625,-1914,16440,-0.282141,-0.116765
1950,-5042,-2173,16313,-0.307593,-0.132560
1951,-5068,-2046,16436,-0.309155,-0.124824
1952,-5485,-2069,16347,-0.334590,-0.126259
1953,-5327,-2315,16296,-0.324969,-0.141236
1954,-5207,-2088,16326,-0.317640,-0.127374
1955,-5458,-2354,16254,-0.332997,-0.143636
1956,-5129,-2781,16542,-0.312923,-0.169697
1957,-5520,-2890,16354,-0.336774,-0.176338
1958,-5356,-2848,16421,-0.326759,-0.173762
1959,-5402,-3176,16315,-0.329537,-0.193788
1960,-5248,-2900,16269,-0.320169,-0.176926
1961,-5365,-3122,16343,-0.327303,-0.190500
1962,-5260,-3211,16464,-0.320907,-0.195914
1963,-5206,-3196,16319,-0.317575,-0.194967
1964,-5237,-3063,16288,-0.319485,-0.186892
1965,-4948,-3390,16381,-0.301878,-0.206814
1966,-4914,-3480,16412,-0.299778,-0.212327
1967,-4884,-3219,16516,-0.297946,-0.196418
1968,-4847,-3341,16400,-0.295668,-0.203851
1969,-4516,-3591,16427,-0.275532,-0.219064
1970,-4584,-3542,16434,-0.279661,-0.216086
1971,-4469,-3511,16266,-0.272638,-0.214186
1972,-4258,-3477,16284,-0.259752,-0.212145
1973,-3825,-3777,16274,-0.233341,-0.230452
1974,-4218,-3795,16252,-0.257327,-0.231532
1975,-3675,-3655,16445,-0.224198,-0.223011
1976,-3985,-3642,16400,-0.243103,-0.222218
1977,-3427,-3553,16382,-0.209054,-0.216736
1978,-2997,-3285,16142,-0.182868,-0.200434
1979,-3002,-3389,16561,-0.183182,-0.206773
1980,-2863,-3278,16296,-0.174687,-0.200014
1981,-2793,-3486,16563,-0.170414,-0.212686
1982,-2480,-3297,16248,-0.151304,-0.201152
1983,-2320,-3054,16306,-0.141561,-0.186304
1984,-2202,-2996,16182,-0.134359,-0.182770
1985,-1895,-3175,16414,-0.115645,-0.193720
1986,-1588,-2956,16283,-0.096872,-0.180318
1987,-1540,-2527,16286,-0.093985,-0.154191
1988,-1325,-2865,16260,-0.080835,-0.174813
1989,-1201,-2925,16455,-0.073316,-0.178468
1990,-663,-2770,16450,-0.040448,-0.168985
1991,-412,-2660,16550,-0.025179,-0.162318
1992,-248,-2644,16326,-0.015138,-0.161303
1993,103,-2563,16408,0.006310,-0.156363
1994,162,-2760,16273,0.009893,-0.168362
1995,431,-2617,16360,0.026293,-0.159646
1996,625,-2416,16344,0.038167,-0.147394
1997,760,-2367,16434,0.046419,-0.144401
1998,883,-2390,16485,0.053917,-0.145793
1999,1576,-2273,16483,0.096144,-0.138656
2000,1287,-2186,16319,0.078525,-0.133354
2001,1434,-1995,16486,0.087532,-0.121738
2002,1813,-2136,16393,0.110620,-0.130296
2003,1954,-2011,16368,0.119216,-0.122690
2004,1822,-2149,16335,0.111184,-0.131108
2005,2438,-1920,16349,0.148753,-0.117125
2006,2372,-1930,16557,0.144697,-0.117749
2007,2334,-1819,16429,0.142393,-0.111016
2008,2887,-1828,16418,0.176110,-0.111540
2009,2915,-1835,16379,0.177871,-0.111947
2010,2697,-1946,16624,0.164562,-0.118719
2011,3361,-1874,16522,0.205031,-0.114326
2012,3266,-1719,16341,0.199263,-0.104867
2013,3245,-2023,16382,0.197965,-0.123433
2014,3625,-2016,16388,0.221160,-0.123006
2015,3451,-1869,16421,0.210545,-0.114055
2016,3494,-1828,16346,0.213150,-0.111551
2017,3449,-2054,16449,0.210413,-0.125347
2018,3735,-1923,16541,0.227854,-0.117345
2019,3771,-1932,16293,0.230045,-0.117860
2020,3736,-2320,16310,0.227899,-0.141542
2021,3632,-1966,16369,0.221583,-0.119965
2022,3833,-1961,16374,0.233852,-0.119663
2023,3826,-1968,16594,0.233438,-0.120069
2024,3622,-1689,16505,0.220971,-0.103076
2025,3615,-2169,16501,0.220550,-0.132323
2026,3995,-2102,16392,0.243744,-0.128254
2027,3432,-2427,16391,0.209401,-0.148068
2028,3942,-2043,16287,0.240502,-0.124675
2029,3818,-2027,16489,0.232950,-0.123670
2030,4136,-2044,16463,0.252331,-0.124728
2031,3803,-1747,16535,0.232029,-0.106584
2032,4000,-1783,16401,0.244034,-0.108787
2033,3796,-1913,16408,0.231560,-0.116706
2034,3871,-1979,16436,0.236166,-0.120756
2035,3965,-1709,16502,0.241870,-0.104305
2036,3727,-1877,16289,0.227405,-0.114511
2037,3968,-1996,16489,0.242079,-0.121772
2038,3585,-2129,16421,0.218720,-0.129896
2039,3792,-1866,16328,0.231350,-0.113879
2040,3879,-1614,16235,0.236657,-0.098486
2041,3805,-1299,16411,0.232118,-0.079260
2042,4004,-1653,16555,0.244251,-0.100887
2043,3492,-1753,16575,0.213059,-0.106994
2044,3353,-1776,16457,0.204554,-0.108365
2045,3394,-1405,16602,0.207046,-0.085762
2046,3663,-1762,16421,0.223503,-0.107498
2047,3606,-1279,16511,0.219973,-0.078039
